,ID,School Name,Total Grads % of cohort
11,01M292_2015,ORCHARD COLLEGIATE ACADEMY,63.0
58,01M448_2015,UNIVERSITY NEIGHBORHOOD HIGH SCHOOL,82.9
110,01M450_2015,EAST SIDE COMMUNITY SCHOOL,85.2
160,01M458_2015,FORSYTH SATELLITE ACADEMY,14.9
197,01M509_2015,MARTA VALLE HIGH SCHOOL,44.1
249,01M515_2015,LOWER EAST SIDE PREPARATORY HIGH SCHOOL,39.8
301,01M539_2015,NEW EXPLORATIONS INTO SCIENCE TECHNOLOGY AND MATH,97.5
354,01M650_2015,CASCADES HIGH SCHOOL,26.6
406,01M696_2015,BARD HIGH SCHOOL EARLY COLLEGE,96.1
458,02M047_2015,47 THE AMERICAN SIGN LANGUAGE AND ENGLISH SECONDAR,51.7
523,02M288_2015,FOOD AND FINANCE HIGH SCHOOL,78.8
576,02M294_2015,ESSEX STREET ACADEMY,78.7
624,02M296_2015,HIGH SCHOOL OF HOSPITALITY MANAGEMENT,80.6
672,02M298_2015,PACE HIGH SCHOOL,86.7
721,02M300_2015,URBAN ASSEMBLY SCHOOL OF DESIGN AND CONSTRUCTION T,59.3
771,02M303_2015,FACING HISTORY SCHOOL THE,60.4
814,02M305_2015,URBAN ASSEMBLY ACADEMY OF GOVERNMENT AND LAW THE,85.7
857,02M308_2015,LOWER MANHATTAN ARTS ACADEMY,68.2
901,02M313_2015,JAMES BALDWIN SCHOOL THE: A SCHOOL FOR EXPEDITIONA,43.0
928,02M316_2015,URBAN ASSEMBLY SCHOOL OF BUSINESS FOR YOUNG WOMEN,76.0
997,02M374_2015,GRAMERCY ARTS HIGH SCHOOL,82.3
1036,02M376_2015,NYC ISCHOOL,98.0
1060,02M392_2015,MANHATTAN BUSINESS ACADEMY,85.9
1085,02M393_2015,BUSINESS OF SPORTS SCHOOL,60.0
1112,02M394_2015,EMMA LAZARUS HIGH SCHOOL,52.5
1149,02M399_2015,THE HIGH SCHOOL FOR LANGUAGE AND DIPLOMACY,70.2
1178,02M400_2015,HIGH SCHOOL FOR ENVIRONMENTAL STUDIES,79.7
1230,02M407_2015,INSTITUTE FOR COLLABORATIVE EDUCATION,87.1
1281,02M408_2015,PROFESSIONAL PERFORMING ARTS HIGH SCHOOL,93.8
1334,02M411_2015,BARUCH COLLEGE CAMPUS HIGH SCHOOL,99.0
1386,02M412_2015,NYC LAB SCHOOL FOR COLLABORATIVE STUDIES,96.3
1438,02M413_2015,SCHOOL OF THE FUTURE HIGH SCHOOL,93.3
1490,02M414_2015,NYC MUSEUM SCHOOL,99.1
1542,02M416_2015,ELEANOR ROOSEVELT HIGH SCHOOL,100.0
1595,02M418_2015,MILLENNIUM HIGH SCHOOL,98.0
1643,02M419_2015,LANDMARK HIGH SCHOOL,40.4
1695,02M420_2015,HIGH SCHOOL FOR HEALTH PROFESSIONS AND HUMAN SERVI,85.7
1738,02M425_2015,LEADERSHIP AND PUBLIC SERVICE HIGH SCHOOL,59.9
1742,02M422_2015,QUEST TO LEARN,
1807,02M427_2015,MANHATTAN ACADEMY FOR ARTS & LANGUAGE,48.9
1831,02M429_2015,LEGACY SCHOOL FOR INTEGRATED STUDIES,63.2
1877,02M432_2015,MURRAY HILL ACADEMY,63.3
1897,02M437_2015,HUDSON HIGH SCHOOL OF LEARNING TECHNOLOGIES,65.0
1919,02M438_2015,INTERNATIONAL HIGH SCHOOL AT UNION SQUARE,48.7
1948,02M439_2015,MANHATTAN VILLAGE ACADEMY,97.5
2047,02M449_2015,VANGUARD HIGH SCHOOL,71.3
2099,02M459_2015,MANHATTAN INTERNATIONAL HIGH SCHOOL,65.7
2148,02M460_2015,WASHINGTON IRVING HS,50.6
2198,02M475_2015,STUYVESANT HIGH SCHOOL,96.3
2250,02M489_2015,HIGH SCHOOL OF ECONOMICS AND FINANCE,67.8
2302,02M500_2015,UNITY CENTER FOR URBAN TECHNOLOGIES,78.6
2349,02M507_2015,URBAN ASSEMBLY GATEWAY SCHOOL FOR TECHNOLOGY,83.8
2374,02M519_2015,TALENT UNLIMITED HIGH SCHOOL,94.0
2426,02M520_2015,MURRY BERGTRAUM HIGH SCHOOL FOR BUSINESS CAREERS,45.5
2478,02M529_2015,JACQUELINE KENNEDY ONASSIS HIGH SCHOOL,62.8
2530,02M531_2015,REPERTORY COMPANY HIGH SCHOOL FOR THEATRE ARTS,100.0
2577,02M533_2015,UNION SQUARE ACADEMY FOR HEALTH SCIENCES,
2589,02M534_2015,HARVEST COLLEGIATE HIGH SCHOOL,
2620,02M542_2015,MANHATTAN BRIDGES HIGH SCHOOL,91.8
2669,02M543_2015,NEW DESIGN HIGH SCHOOL,73.7
2721,02M544_2015,INDEPENDENCE HIGH SCHOOL,8.3
2774,02M545_2015,HIGH SCHOOL FOR DUAL LANGUAGE AND ASIAN STUDIES,92.8
2826,02M550_2015,LIBERTY HIGH SCHOOL ACADEMY FOR NEWCOMERS,40.7
2878,02M551_2015,URBAN ASSEMBLY NEW YORK HARBOR SCHOOL,76.9
2927,02M560_2015,HIGH SCHOOL M560  CITY AS SCHOOL,35.7
2979,02M565_2015,URBAN ACADEMY LABORATORY HIGH SCHOOL,43.8
3030,02M570_2015,SATELLITE ACADEMY HIGH SCHOOL,29.6
3082,02M575_2015,MANHATTAN COMPREHENSIVE NIGHT AND DAY HIGH SCHOOL,22.2
3134,02M580_2015,RICHARD R GREEN HIGH SCHOOL OF TEACHING,61.5
3186,02M586_2015,HARVEY MILK HIGH SCHOOL,25.8
3238,02M600_2015,THE HIGH SCHOOL OF FASHION INDUSTRIES,81.7
3290,02M605_2015,HUMANITIES PREPARATORY ACADEMY,71.1
3343,02M615_2015,CHELSEA CAREER AND TECHNICAL EDUCATION HIGH SCHOOL,85.6
3391,02M620_2015,NORMAN THOMAS HS,
3441,02M625_2015,HS OF GRAPHIC COMMUNICATION ARTS,41.3
3492,02M630_2015,ART AND DESIGN HIGH SCHOOL,79.2
3544,02M655_2015,LIFE SCIENCES SECONDARY SCHOOL,80.4
3614,03M283_2015,MANHATTAN THEATRE LAB HS,49.2
3663,03M299_2015,THE MAXINE GREENE HS FOR IMAGINATIVE INQUIRY,74.0
3706,03M307_2015,URBAN ASSEMBLY SCHOOL FOR MEDIA STUDIES THE,72.9
3749,03M402_2015,THE URBAN ASSEMBLY SCHOOL FOR GREEN CAREERS,64.1
3772,03M403_2015,THE GLOBAL LEARNING COLLABORATIVE,74.4
3801,03M404_2015,INNOVATION DIPLOMA PLUS,3.2
3841,03M415_2015,WADLEIGH SECONDARY SCHOOL FOR THE PERFORMING & VIS,56.6
3889,03M417_2015,FRANK MCCOURT HIGH SCHOOL,90.2
3940,03M479_2015,BEACON HIGH SCHOOL,99.3
3992,03M485_2015,FIORELLO H LAGUARDIA HIGH SCHOOL OF MUSIC & ART AN,97.4
4054,03M492_2015,HIGH SCHOOL FOR LAW ADVOCACY AND COMMUNITY JUSTICE,69.6
4103,03M494_2015,HIGH SCHOOL OF ARTS AND TECHNOLOGY,63.6
4155,03M505_2015,EDWARD A REYNOLDS WEST SIDE HIGH SCHOOL,16.2
4207,03M541_2015,MANHATTAN / HUNTER SCIENCE HIGH SCHOOL,99.1
4255,03M860_2015,FREDERICK DOUGLASS ACADEMY II SECONDARY SCHOOL,50.7
4300,04M372_2015,ESPERANZA PREPARATORY ACADEMY,
4322,04M409_2015,COALITION SCHOOL FOR SOCIAL CHANGE,32.5
4373,04M435_2015,MANHATTAN CENTER FOR SCIENCE AND MATHEMATICS,91.4
4426,04M495_2015,PARK EAST HIGH SCHOOL,95.8
4478,04M555_2015,CENTRAL PARK EAST HIGH SCHOOL,96.9
4530,04M610_2015,YOUNG WOMEN'S LEADERSHIP SCHOOL,98.6
4624,04M680_2015,HERITAGE SCHOOL THE,59.3
4708,05M285_2015,HARLEM RENAISSANCE HIGH SCHOOL,22.9
4761,05M304_2015,MOTT HALL HIGH SCHOOL,66.7
4805,05M362_2015,COLUMBIA SECONDARY SCHOOL,98.8
4823,05M367_2015,ACADEMY FOR SOCIAL ACTION,58.3
4856,05M369_2015,URBAN ASSEMBLY SCHOOL FOR THE PERFORMING ARTS,77.3
4894,05M469_2015,CHOIR ACADEMY OF HARLEM,38.5
4946,05M499_2015,FREDERICK DOUGLASS ACADEMY,63.7
4998,05M670_2015,THURGOOD MARSHALL ACADEMY FOR LEARNING AND SOCIAL,77.6
5049,05M685_2015,BREAD & ROSES INTEGRATED ARTS HS,34.9
5101,05M692_2015,HIGH SCHOOL FOR MATHEMATICS SCIENCE AND ENGINEERIN,97.9
5148,06M293_2015,CITY COLLEGE ACADEMY OF THE ARTS,94.2
5179,06M346_2015,COMMUNITY HEALTH ACADEMY OF THE HEIGHTS,53.3
5209,06M348_2015,WASHINGTON HEIGHTS EXPEDITIONARY LEARNING SCHOOL,64.9
5237,06M423_2015,HIGH SCHOOL FOR EXCELLENCE AND INNOVATION,23.4
5267,06M462_2015,THE COLLEGE ACADEMY,45.9
5319,06M463_2015,HIGH SCHOOL FOR MEDIA AND COMMUNICATIONS,50.4
5372,06M467_2015,HIGH SCHOOL FOR LAW AND PUBLIC SERVICE,62.5
5424,06M468_2015,HIGH SCHOOL FOR HEALTH CAREERS AND SCIENCES,65.4
5476,06M540_2015,A PHILIP RANDOLPH CAMPUS HIGH SCHOOL,75.0
5528,06M552_2015,GREGORIO LUPERON HIGH SCHOOL FOR SCIENCE AND MATHE,68.8
5581,07X221_2015,SOUTH BRONX PREPARATORY: A COLLEGE BOARD SCHOOL,92.3
5648,07X334_2015,INTERNATIONAL COMMUNITY HIGH SCHOOL,52.7
5683,07X379_2015,JILL CHAIFETZ TRANSFER HIGH SCHOOL,19.5
5731,07X381_2015,BRONX HAVEN HS,11.5
5775,07X427_2015,COMMUNITY SCHOOL FOR SOCIAL JUSTICE,54.8
5832,07X473_2015,MOTT HAVEN VILLAGE PREPARATORY HIGH SCHOOL,45.5
5884,07X495_2015,UNIVERSITY HEIGHTS SECONDARY SCHOOL,89.6
5936,07X500_2015,HOSTOSLINCOLN ACADEMY OF SCIENCE,78.9
5990,07X520_2015,FOREIGN LANGUAGE ACADEMY OF GLOBAL STUDIES,38.6
6038,07X522_2015,BRONX DESIGN AND CONSTRUCTION ACADEMY,39.8
6063,07X527_2015,BRONX LEADERSHIP ACADEMY II HS,57.9
6111,07X547_2015,NEW EXPLORERS HIGH SCHOOL,54.5
6164,07X548_2015,CAREERS IN SPORTS HIGH SCHOOL,74.5
6216,07X551_2015,THE URBAN ASSEMBLY BRONX ACADEMY OF LETTERS,58.5
6261,07X557_2015,MOTT HAVEN COMMUNITY HIGH SCHOOL,15.0
6290,07X600_2015,ALFRED E SMITH CAREER AND TECHNICAL EDUCATION HIGH,63.0
6338,07X655_2015,SAMUEL GOMPERS CAREER AND TECHNICAL EDUCATION HS,46.8
6389,07X670_2015,HEALTH OPPORTUNITIES HIGH SCHOOL,57.9
6439,08X269_2015,BRONX STUDIO SCHOOL FOR WRITERS AND ARTISTS,59.1
6467,08X282_2015,WOMEN'S ACADEMY OF EXCELLENCE,57.0
6510,08X293_2015,RENAISSANCE HIGH SCHOOL FOR MUSICAL THEATER & TECH,72.1
6558,08X295_2015,GATEWAY SCHOOL FOR ENVIRONMENTAL RESEARCH AND TECH,48.7
6585,08X305_2015,PABLO NERUDA ACADEMY,53.0
6659,08X312_2015,MILLENNIUM ART ACADEMY,60.5
6718,08X332_2015,HOLCOMBE L RUCKER SCHOOL OF COMMUNITY RESEARCH,59.5
6769,08X367_2015,ARCHIMEDES ACADEMY FOR MATH SCIENCE AND TECHNOLOGY,54.7
6793,08X376_2015,ANTONIA PANTOJA PREPARATORY ACADEMY: A COLLEGE BOA,61.8
6818,08X377_2015,BRONX COMMUNITY HIGH SCHOOL,17.3
6866,08X405_2015,HERBERT H LEHMAN HIGH SCHOOL,34.5
6913,08X432_2015,BRONX BRIDGES HIGH SCHOOL,48.8
6955,08X452_2015,GOTHAM COLLABORATIVE HIGH SCHOOL,57.4
7007,08X519_2015,FELISA RINCON DE GAUTIER INSTITUTE FOR LAW AND PUB,39.4
7056,08X530_2015,LONGWOOD PREPARATORY ACADEMY,42.5
7105,08X537_2015,BRONX ARENA HIGH SCHOOL,3.6
7183,08X559_2015,SCHOOL FOR TOURISM AND HOSPITALITY,
7190,08X650_2015,JANE ADDAMS HS FOR ACADEMIC CAREERS,55.2
7241,08X561_2015,BRONX COMPASS HIGH SCHOOL,
7327,09X227_2015,BRONX COLLEGIATE ACADEMY,50.0
7377,09X231_2015,EAGLE ACADEMY FOR YOUNG MEN,63.8
7459,09X241_2015,URBAN ASSEMBLY SCHOOL FOR APPLIED MATH AND SCIENCE,83.1
7492,09X250_2015,EXIMIUS COLLEGE PREPARATORY ACADEMY: A COLLEGE BOA,82.6
7538,09X252_2015,MOTT HALL BRONX HIGH SCHOOL,78.9
7581,09X260_2015,BRONX CENTER FOR SCIENCE AND MATHEMATICS,90.1
7624,09X263_2015,VALIDUS PREPARATORY ACADEMY,55.7
7667,09X276_2015,LEADERSHIP INSTITUTE,28.6
7711,09X297_2015,MORRIS ACADEMY FOR COLLABORATIVE STUDIES,64.3
7759,09X324_2015,BRONX EARLY COLLEGE ACADEMY FOR TEACHING & LEARNIN,93.3
7778,09X327_2015,COMPREHENSIVE MODEL SCHOOL PROJECT MS 327,
7796,09X329_2015,DREAMYARD PREPARATORY SCHOOL,58.6
7803,09X365_2015,ACADEMY FOR LANGUAGE AND TECHNOLOGY,92.9
7877,09X403_2015,BRONX INTERNATIONAL HIGH SCHOOL,70.4
7929,09X404_2015,SCHOOL FOR EXCELLENCE,53.6
7981,09X412_2015,BRONX HIGH SCHOOL OF BUSINESS,37.8
8033,09X413_2015,BRONX HIGH SCHOOL FOR MEDICAL SCIENCE,83.7
8080,09X414_2015,JONATHAN LEVIN HS FOR MEDIA AND COMMUNICATIONS,41.2
8132,09X505_2015,BRONX SCHOOL FOR LAW GOVERNMENT AND JUSTICE,71.4
8184,09X517_2015,FREDERICK DOUGLASS ACADEMY III SECONDARY SCHOOL,60.9
8231,09X525_2015,BRONX LEADERSHIP ACADEMY HIGH SCHOOL,53.3
8283,09X543_2015,HIGH SCHOOL FOR VIOLIN AND DANCE,58.3
8344,10X141_2015,RIVERDALE / KINGSBRIDGE ACADEMY MIDDLE SCHOOL / HI,79.6
8395,10X213_2015,BRONX ENGINEERING AND TECHNOLOGY ACADEMY,67.4
8441,10X225_2015,THEATRE ARTS PRODUCTION COMPANY SCHOOL,75.5
8481,10X237_2015,THE MARIE CURIE SCHOOL FOR MEDICINE NURSING AND HE,66.7
8525,10X243_2015,WEST BRONX ACADEMY FOR THE FUTURE,77.5
8583,10X268_2015,KINGSBRIDGE INTERNATIONAL HIGH SCHOOL,56.2
8625,10X284_2015,BRONX SCHOOL OF LAW AND FINANCE,57.3
8677,10X319_2015,PROVIDING URBAN LEARNERS SUCCESS IN EDUCATION HIGH,11.1
8729,10X342_2015,INTERNATIONAL SCHOOL FOR LIBERAL ARTS,62.5
8767,10X351_2015,BRONX COLLABORATIVE HIGH SCHOOL,
8791,10X368_2015,INTECH ACADEMY MS / HIGH SCHOOL 368,80.0
8837,10X374_2015,KNOWLEDGE AND POWER PREPARATORY ACADEMY INTERNATIO,80.0
8876,10X397_2015,ENGLISH LANGUAGE LEARNERS AND INTERNATIONAL SUPPOR,20.7
8939,10X433_2015,HIGH SCHOOL FOR TEACHING AND THE PROFESSIONS,53.5
8991,10X434_2015,BELMONT PREPARATORY HIGH SCHOOL,55.3
9055,10X437_2015,FORDHAM HIGH SCHOOL FOR THE ARTS,86.5
9104,10X438_2015,FORDHAM LEADERSHIP ACADEMY,41.4
9155,10X439_2015,BRONX HIGH SCHOOL FOR LAW AND COMMUNITY SERVICE,70.8
9207,10X440_2015,DEWITT CLINTON HIGH SCHOOL,41.4
9259,10X442_2015,CELIA CRUZ BRONX HIGH SCHOOL OF MUSIC THE,91.0
9305,10X445_2015,BRONX HIGH SCHOOL OF SCIENCE,99.1
9393,10X477_2015,MARBLE HILL HIGH SCHOOL FOR INTERNATIONAL STUDIES,92.0
9440,10X524_2015,CROTONA INTERNATIONAL HIGH SCHOOL,39.0
9462,10X546_2015,BRONX THEATRE HIGH SCHOOL,61.8
9511,10X549_2015,DISCOVERY HIGH SCHOOL,57.1
9554,10X565_2015,HIGH SCHOOL FOR ENERGY AND TECHNOLOGY,
9568,10X660_2015,GRACE DODGE CAREER AND TECHNICAL EDUCATION HS,51.0
9616,10X696_2015,HIGH SCHOOL OF AMERICAN STUDIES AT LEHMAN COLLEGE,99.0
9665,11X249_2015,BRONX HEALTH SCIENCES HIGH SCHOOL,96.5
9708,11X253_2015,BRONX HIGH SCHOOL FOR WRITING AND COMMUNICATION AR,51.8
9757,11X265_2015,BRONX LAB SCHOOL,74.8
9804,11X270_2015,ACADEMY FOR SCHOLARSHIP AND ENTREPRENEURSHIP,58.4
9847,11X275_2015,HIGH SCHOOL OF COMPUTERS AND TECHNOLOGY,73.8
9899,11X288_2015,COLLEGIATE INSTITUTE FOR MATH AND SCIENCE,82.2
9948,11X290_2015,BRONX ACADEMY OF HEALTH CAREERS,66.2
10000,11X299_2015,ASTOR COLLEGIATE ACADEMY,66.9
10090,11X418_2015,BRONX HIGH SCHOOL FOR THE VISUAL ARTS,49.6
10163,11X455_2015,HARRY S TRUMAN HIGH SCHOOL,61.7
10211,11X508_2015,BRONXDALE HIGH SCHOOL,78.0
10231,11X509_2015,HIGH SCHOOL OF LANGUAGE AND INNOVATION,65.2
10251,11X513_2015,NEW WORLD HIGH SCHOOL,88.1
10297,11X514_2015,THE BRONXWOOD PREPARATORY ACADEMY,61.9
10384,11X542_2015,PELHAM PREPARATORY ACADEMY,84.7
10437,11X544_2015,HIGH SCHOOL FOR CONTEMPORARY ARTS,55.6
10488,11X545_2015,BRONX AEROSPACE HIGH SCHOOL,68.0
10536,12X242_2015,MOTT HALL V,72.2
10594,12X248_2015,METROPOLITAN HIGH SCHOOL THE,59.8
10640,12X251_2015,EXPLORATIONS ACADEMY HS,55.4
10720,12X267_2015,BRONX LATIN,84.5
10757,12X271_2015,EAST BRONX ACADEMY FOR THE FUTURE,69.4
10805,12X278_2015,PEACE AND DIVERSITY ACADEMY,22.8
10851,12X321_2015,CROTONA ACADEMY HIGH SCHOOL,11.4
10899,12X372_2015,URBAN ASSEMBLY SCHOOL FOR WILDLIFE CONSERVATION,77.1
10923,12X388_2015,PAN AMERICAN INTERNATIONAL HIGH SCHOOL AT MONROE,80.9
10953,12X446_2015,ARTURO A SCHOMBURG SATELLITE ACADEMY BRONX,16.5
10986,12X478_2015,THE CINEMA SCHOOL,94.7
11008,12X479_2015,BRONX CAREER AND COLLEGE PREPARATORY HIGH SCHOOL,44.0
11037,12X480_2015,BRONX REGIONAL HIGH SCHOOL,7.5
11084,12X511_2015,BRONX ENVISION ACADEMY,69.1
11101,12X521_2015,THE METROPOLITAN SOUNDVIEW HIGH SCHOOL,72.0
11125,12X550_2015,HIGH SCHOOL OF WORLD CULTURES,47.5
11203,12X682_2015,FANNIE LOU HAMER FREEDOM HIGH SCHOOL,65.7
11255,12X684_2015,WINGS ACADEMY,53.8
11348,12X692_2015,MONROE ACADEMY FOR VISUAL ARTS & DESIGN,49.5
11400,13K265_2015,DR SUSAN S MCKINNEY SECONDARY SCHOOL OF THE ARTS,49.3
11467,13K350_2015,URBAN ASSEMBLY SCHOOL FOR MUSIC AND ART,53.1
11509,13K412_2015,BROOKLYN COMMUNITY ARTS & MEDIA HIGH SCHOOL BCAM,67.8
11550,13K419_2015,SCIENCE SKILLS CENTER HIGH SCHOOL FOR SCIENCE TECH,69.2
11602,13K430_2015,BROOKLYN TECHNICAL HIGH SCHOOL,94.4
11654,13K439_2015,BROOKLYN INTERNATIONAL HIGH SCHOOL,86.6
11706,13K483_2015,THE URBAN ASSEMBLY SCHOOL FOR LAW AND JUSTICE,84.8
11752,13K499_2015,ACORN COMMUNITY HIGH SCHOOL,45.3
11800,13K509_2015,FREEDOM ACADEMY HS,
11846,13K527_2015,URBAN ASSEMBLY INSTITUTE OF MATH AND SCIENCE FOR Y,84.9
11874,13K553_2015,BROOKLYN ACADEMY HIGH SCHOOL,25.7
11926,13K575_2015,BEDFORD STUYVESANT PREPARATORY HIGH SCHOOL,18.3
11978,13K595_2015,BEDFORD ACADEMY HIGH SCHOOL,96.2
12027,13K605_2015,GEORGE WESTINGHOUSE CAREER AND TECHNICAL EDUCATION,63.9
12079,13K616_2015,BROOKLYN HIGH SCHOOL FOR LEADERSHIP AND COMMUNITY,4.2
12121,13K670_2015,BENJAMIN BANNEKER ACADEMY,91.2
12169,13K674_2015,CITY POLYTECHNIC HIGH SCHOOL OF ENGINEERING ARCHIT,86.0
12197,14K071_2015,JUAN MOREL CAMPOS SECONDARY SCHOOL,42.4
12249,14K322_2015,FOUNDATIONS ACADEMY,33.3
12294,14K449_2015,BROOKLYN LATIN SCHOOL THE,96.8
12327,14K454_2015,THE WILLIAMSBURG HIGH SCHOOL OF ART AND TECHNOLOGY,64.2
12370,14K474_2015,PROGRESS HIGH SCHOOL FOR PROFESSIONAL CAREERS,66.4
12423,14K477_2015,EAST WILLIAMSBURG SCHOLARS ACADEMY,42.9
12475,14K478_2015,THE HIGH SCHOOL FOR ENTERPRISE BUSINESS AND TECHNO,68.0
12528,14K488_2015,BROOKLYN PREPARATORY HIGH SCHOOL,87.0
12572,14K558_2015,WILLIAMSBURG HIGH SCHOOL FOR ARCHITECTURE AND DESI,93.2
12622,14K561_2015,WILLIAMSBURG PREPARATORY SCHOOL,90.1
12667,14K586_2015,LYONS COMMUNITY SCHOOL,62.3
12704,14K610_2015,AUTOMOTIVE HIGH SCHOOL,45.8
12750,14K614_2015,YOUNG WOMEN'S LEADERSHIP SCHOOL OF BROOKLYN,100.0
12765,14K632_2015,FRANCES PERKINS ACADEMY,63.4
12813,14K685_2015,EL PUENTE ACADEMY FOR PEACE AND JUSTICE,66.1
12874,15K423_2015,BROOKLYN FRONTIERS HIGH SCHOOL,29.4
12891,15K429_2015,DIGITAL ARTS AND CINEMA TECHNOLOGY HIGH SCHOOL,64.7
12943,15K448_2015,BROOKLYN SECONDARY SCHOOL FOR COLLABORATIVE STUDIE,87.5
12992,15K462_2015,JOHN JAY SCHOOL FOR LAW,88.0
13044,15K463_2015,SECONDARY SCHOOL FOR JOURNALISM,56.3
13096,15K464_2015,PARK SLOPE COLLEGIATE,64.7
13147,15K497_2015,THE BOERUM HILL SCHOOL FOR INTERNATIONAL STUDIES,66.1
13199,15K519_2015,COBBLE HILL SCHOOL OF AMERICAN STUDIES,77.9
13282,15K529_2015,WEST BROOKLYN COMMUNITY HIGH SCHOOL,13.6
13370,15K592_2015,KHALIL GIBRAN INTERNATIONAL ACADEMY,
13395,15K656_2015,BROOKLYN HIGH SCHOOL OF THE ARTS,89.5
13446,15K667_2015,SUNSET PARK HIGH SCHOOL,63.3
13474,15K684_2015,MILLENNIUM BROOKLYN HS,94.7
13495,15K698_2015,SOUTH BROOKLYN COMMUNITY HIGH SCHOOL,3.4
13547,16K393_2015,FREDERICK DOUGLASS ACADEMY IV SECONDARY SCHOOL,60.7
13590,16K455_2015,BOYS AND GIRLS HIGH SCHOOL,50.0
13642,16K498_2015,BROOKLYN HS FOR LAW AND TECHNOLOGY,69.7
13693,16K594_2015,GOTHAM PROFESSIONAL ARTS ACADEMY,54.7
13724,16K669_2015,RESEARCH AND SERVICE HIGH SCHOOL,18.5
13747,16K688_2015,THE BROOKLYN ACADEMY OF GLOBAL FINANCE,58.3
13780,17K122_2015,PATHWAYS IN TECHNOLOGY EARLY COLLEGE HIGH SCHOOL P,57.7
13797,17K382_2015,ACADEMY FOR COLLEGE PREPARATION AND CAREER EXPLORA,50.5
13837,17K408_2015,ACADEMY OF HOSPITALITY AND TOURISM,61.3
13939,17K489_2015,WEB DUBOIS ACADEMIC HIGH SCHOOL,8.0
13991,17K524_2015,INTERNATIONAL HIGH SCHOOL AT PROSPECT HEIGHTS,67.3
14041,17K528_2015,THE HIGH SCHOOL FOR GLOBAL CITIZENSHIP,55.7
14090,17K531_2015,SCHOOL FOR HUMAN RIGHTS THE,74.0
14139,17K533_2015,SCHOOL FOR DEMOCRACY AND LEADERSHIP,54.8
14185,17K537_2015,HIGH SCHOOL FOR YOUTH AND COMMUNITY DEVELOPMENT AT,76.8
14234,17K539_2015,HIGH SCHOOL FOR SERVICE & LEARNING AT ERASMUS,70.1
14284,17K543_2015,SCIENCE TECHNOLOGY AND RESEARCH EARLY COLLEGE HIGH,95.8
14332,17K544_2015,INTERNATIONAL ARTS BUSINESS SCHOOL,70.6
14379,17K546_2015,HIGH SCHOOL FOR PUBLIC SERVICE: HEROES OF TOMORROW,92.7
14425,17K547_2015,BROOKLYN ACADEMY OF SCIENCE AND THE ENVIRONMENT,62.9
14474,17K548_2015,BROOKLYN SCHOOL FOR MUSIC & THEATRE,77.7
14526,17K568_2015,BROWNSVILLE ACADEMY HIGH SCHOOL,26.3
14578,17K590_2015,MEDGAR EVERS COLLEGE PREPARATORY SCHOOL,95.4
14630,17K600_2015,CLARA BARTON HIGH SCHOOL,62.7
14678,17K625_2015,PAUL ROBESON HS,
14722,17K745_2015,BROOKLYN INSTITUTE FOR LIBERAL ARTS,
14736,17K751_2015,ACADEMY FOR HEALTH CAREERS,70.4
14844,18K563_2015,IT TAKES A VILLAGE ACADEMY,87.5
14884,18K566_2015,BROOKLYN GENERATION SCHOOL,64.6
14925,18K567_2015,BROOKLYN THEATRE ARTS HIGH SCHOOL,67.7
14960,18K569_2015,KURT HAHN EXPEDITIONARY LEARNING SCHOOL,75.9
14999,18K576_2015,VICTORY COLLEGIATE HIGH SCHOOL,67.1
15040,18K578_2015,BROOKLYN BRIDGE ACADEMY,14.3
15084,18K589_2015,ARTS & MEDIA PREPARATORY ACADEMY,48.8
15119,18K617_2015,HIGH SCHOOL FOR INNOVATION IN ADVERTISING AND MEDI,75.8
15143,18K635_2015,OLYMPUS ACADEMY,11.9
15152,18K629_2015,CULTURAL ACADEMY FOR THE ARTS AND SCIENCES,56.8
15186,18K633_2015,HIGH SCHOOL FOR MEDICAL PROFESSIONS,87.4
15255,18K637_2015,ACADEMY FOR CONSERVATION AND THE ENVIRONMENT,77.4
15286,18K642_2015,URBAN ACTION ACADEMY,51.9
15321,18K673_2015,EAST BROOKLYN COMMUNITY HIGH SCHOOL,20.8
15361,19K404_2015,ACADEMY FOR YOUNG WRITERS,71.8
15404,19K409_2015,EAST NEW YORK FAMILY ACADEMY,82.4
15504,19K502_2015,FDNY  CAPTAIN VERNON A RICHARDS HIGH SCHOOL FOR FI,68.8
15553,19K504_2015,HIGH SCHOOL FOR CIVIL RIGHTS,32.7
15602,19K507_2015,PERFORMING ARTS AND TECHNOLOGY HIGH SCHOOL,57.5
15652,19K510_2015,WORLD ACADEMY FOR TOTAL COMMUNITY HEALTH HIGH SCHO,60.2
15703,19K583_2015,MULTICULTURAL HIGH SCHOOL,47.8
15737,19K615_2015,TRANSIT TECH CAREER AND TECHNICAL EDUCATION HIGH S,54.6
15788,19K618_2015,ACADEMY OF INNOVATIVE TECHNOLOGY,70.2
15824,19K639_2015,BROOKLYN LAB SCHOOL,48.4
15857,19K659_2015,CYPRESS HILLS COLLEGIATE PREPARATORY SCHOOL,54.8
15899,19K660_2015,W H MAXWELL CAREER AND TECHNICAL EDUCATION HIGH SC,52.7
15949,19K683_2015,THE SCHOOL FOR CLASSICS: AN ACADEMY OF THINKERS WR,81.7
15988,20K445_2015,NEW UTRECHT HIGH SCHOOL,72.6
16040,20K485_2015,HIGH SCHOOL OF TELECOMMUNICATION ARTS AND TECHNOLO,85.7
16092,20K490_2015,FORT HAMILTON HIGH SCHOOL,70.9
16144,20K505_2015,FRANKLIN DELANO ROOSEVELT HIGH SCHOOL,56.8
16194,20K609_2015,URBAN ASSEMBLY SCHOOL FOR CRIMINAL JUSTICE,88.1
16222,21K337_2015,INTERNATIONAL HS AT LAFAYETTE,74.7
16262,21K344_2015,RACHEL CARSON HIGH SCHOOL FOR COASTAL STUDIES,80.7
16308,21K348_2015,HIGH SCHOOL OF SPORTS MANAGEMENT,68.5
16372,21K410_2015,ABRAHAM LINCOLN HIGH SCHOOL,58.9
16420,21K468_2015,KINGSBOROUGH EARLY COLLEGE SCHOOL,93.7
16445,21K525_2015,EDWARD R MURROW HIGH SCHOOL,79.1
16497,21K540_2015,JOHN DEWEY HIGH SCHOOL,63.6
16548,21K559_2015,LIFE ACADEMY HIGH SCHOOL FOR FILM AND MUSIC,93.0
16586,21K572_2015,EXPEDITIONARY LEARNING SCHOOL FOR COMMUNITY LEADER,79.1
16629,21K620_2015,WILLIAM E GRADY CAREER AND TECHNICAL EDUCATION HIG,57.1
16681,21K690_2015,BROOKLYN STUDIO SECONDARY SCHOOL,71.5
16733,21K728_2015,LIBERATION DIPLOMA PLUS,12.2
16781,22K405_2015,MIDWOOD HIGH SCHOOL,89.6
16833,22K425_2015,JAMES MADISON HIGH SCHOOL,77.0
16883,22K495_2015,SHEEPSHEAD BAY HS,50.4
16935,22K535_2015,LEON M GOLDSTEIN HIGH SCHOOL FOR THE SCIENCES,94.4
16986,22K555_2015,BROOKLYN COLLEGE ACADEMY,97.4
17056,22K630_2015,PROFESSIONAL PATHWAYS HIGH SCHOOL,20.4
17080,23K493_2015,BROOKLYN COLLEGIATE: A COLLEGE BOARD SCHOOL,56.3
17129,23K514_2015,FREDERICK DOUGLASS ACADEMY VII HIGH SCHOOL,55.0
17156,23K643_2015,BROOKLYN DEMOCRACY ACADEMY,13.8
17215,23K644_2015,EAGLE ACADEMY FOR YOUNG MEN II,91.4
17258,23K646_2015,ASPIRATIONS DIPLOMA PLUS HIGH SCHOOL,14.6
17301,23K647_2015,METROPOLITAN DIPLOMA PLUS HIGH SCHOOL,20.8
17344,23K697_2015,TEACHERS PREPARATORY HIGH SCHOOL,61.4
17399,24Q264_2015,ACADEMY OF FINANCE AND ENTERPRISE,92.7
17442,24Q267_2015,HIGH SCHOOL OF APPLIED COMMUNICATION,82.2
17480,24Q293_2015,CIVIC LEADERSHIP ACADEMY,86.0
17508,24Q296_2015,PAN AMERICAN INTERNATIONAL HIGH SCHOOL,66.7
17545,24Q299_2015,BARD HIGH SCHOOL EARLY COLLEGE QUEENS,96.5
17586,24Q455_2015,NEWTOWN HIGH SCHOOL,56.7
17637,24Q485_2015,GROVER CLEVELAND HIGH SCHOOL,60.8
17690,24Q520_2015,MIDDLE COLLEGE HIGH SCHOOL AT LAGUARDIA COMMUNITY,66.4
17742,24Q530_2015,INTERNATIONAL HIGH SCHOOL AT LAGUARDIA COMMUNITY C,80.8
17794,24Q550_2015,HIGH SCHOOL FOR ARTS AND BUSINESS,90.4
17846,24Q560_2015,ROBERT F WAGNER JR SECONDARY SCHOOL FOR ARTS AND T,81.8
17892,24Q585_2015,MASPETH HIGH SCHOOL,97.0
17910,24Q600_2015,QUEENS VOCATIONAL AND TECHNICAL HIGH SCHOOL,74.2
17964,24Q610_2015,AVIATION CAREER & TECHNICAL EDUCATION HIGH SCHOOL,85.4
18016,24Q744_2015,VOYAGES PREPARATORY,13.0
18061,25Q252_2015,QUEENS SCHOOL OF INQUIRY THE,92.6
18090,25Q263_2015,FLUSHING INTERNATIONAL HIGH SCHOOL,66.7
18133,25Q281_2015,EASTWEST SCHOOL OF INTERNATIONAL STUDIES,88.5
18173,25Q285_2015,WORLD JOURNALISM PREPARATORY: A COLLEGE BOARD SCHO,91.4
18213,25Q425_2015,JOHN BOWNE HIGH SCHOOL,67.8
18265,25Q460_2015,FLUSHING HIGH SCHOOL,55.9
18317,25Q525_2015,TOWNSEND HARRIS HIGH SCHOOL,100.0
18366,25Q540_2015,QUEENS ACADEMY HIGH SCHOOL,10.8
18418,25Q670_2015,ROBERT F KENNEDY COMMUNITY HIGH SCHOOL,84.8
18470,25Q792_2015,NORTH QUEENS COMMUNITY HIGH SCHOOL,13.4
18520,26Q415_2015,BENJAMIN N CARDOZO HIGH SCHOOL,88.5
18572,26Q430_2015,FRANCIS LEWIS HIGH SCHOOL,80.4
18624,26Q435_2015,MARTIN VAN BUREN HIGH SCHOOL,52.9
18677,26Q495_2015,BAYSIDE HIGH SCHOOL,89.4
18730,26Q566_2015,QUEENS HIGH SCHOOL OF TEACHING LIBERAL ARTS AND TH,89.8
18779,27Q260_2015,FREDERICK DOUGLASS ACADEMY VI HIGH SCHOOL,39.8
18820,27Q261_2015,VOYAGES PREP  SOUTH QUEENS,13.0
18845,27Q262_2015,CHANNEL VIEW SCHOOL FOR RESEARCH,79.3
18887,27Q302_2015,QUEENS HIGH SCHOOL FOR INFORMATION RESEARCH AND TE,50.6
18921,27Q308_2015,ROBERT H GODDARD HIGH SCHOOL OF COMMUNICATION ARTS,91.2
18947,27Q309_2015,ACADEMY OF MEDICAL TECHNOLOGY: A COLLEGE BOARD SCH,62.1
18974,27Q323_2015,SCHOLARS' ACADEMY,99.2
19001,27Q324_2015,ROCKAWAY PARK HIGH SCHOOL FOR ENVIRONMENTAL SUSTAI,52.8
19027,27Q351_2015,ROCKAWAY COLLEGIATE HIGH SCHOOL,49.0
19049,27Q400_2015,AUGUST MARTIN HIGH SCHOOL,24.1
19169,27Q475_2015,RICHMOND HILL HIGH SCHOOL,51.9
19221,27Q480_2015,JOHN ADAMS HIGH SCHOOL,59.1
19272,27Q650_2015,HIGH SCHOOL FOR CONSTRUCTION TRADES ENGINEERING AN,94.4
19311,28Q284_2015,YORK EARLY COLLEGE ACADEMY,92.9
19334,28Q310_2015,QUEENS COLLEGIATE: A COLLEGE BOARD SCHOOL,72.8
19365,28Q325_2015,HILLSIDE ARTS & LETTERS ACADEMY,76.0
19383,28Q328_2015,HIGH SCHOOL FOR COMMUNITY LEADERSHIP,79.3
19407,28Q338_2015,QUEENS SATELLITE HIGH SCHOOL FOR OPPORTUNITY,2.3
19442,28Q350_2015,JAMAICA GATEWAY TO THE SCIENCES,89.3
19471,28Q440_2015,FOREST HILLS HIGH SCHOOL,85.0
19563,28Q505_2015,HILLCREST HIGH SCHOOL,68.5
19615,28Q620_2015,THOMAS A EDISON CAREER AND TECHNICAL EDUCATION HIG,85.8
19667,28Q680_2015,QUEENS GATEWAY TO HEALTH SCIENCES SECONDARY SCHOOL,95.5
19716,28Q686_2015,QUEENS METROPOLITAN HIGH SCHOOL,91.0
19746,28Q687_2015,QUEENS HIGH SCHOOL FOR THE SCIENCES AT YORK COLLEG,97.9
19794,28Q690_2015,HIGH SCHOOL FOR LAW ENFORCEMENT AND PUBLIC SAFETY,74.1
19842,28Q896_2015,YOUNG WOMEN'S LEADERSHIP SCHOOL QUEENS,86.3
19882,29Q248_2015,QUEENS PREPARATORY ACADEMY,75.4
19927,29Q259_2015,PATHWAYS COLLEGE PREPARATORY SCHOOL: A COLLEGE BOA,70.1
19970,29Q265_2015,EXCELSIOR PREPARATORY HIGH SCHOOL,69.8
20016,29Q272_2015,GEORGE WASHINGTON CARVER HIGH SCHOOL FOR THE SCIEN,69.3
20068,29Q283_2015,PREPARATORY ACADEMY FOR WRITERS: A COLLEGE BOARD S,74.1
20109,29Q326_2015,CAMBRIA HEIGHTS ACADEMY,71.6
20157,29Q492_2015,MATHEMATICS SCIENCE RESEARCH AND TECHNOLOGY MAGNET,64.4
20207,29Q494_2015,LAW GOVERNMENT AND COMMUNITY SERVICE HS,63.9
20257,29Q496_2015,BUSINESS COMPUTER APPLICATIONS & ENTREPRENEURSHIP,53.1
20309,29Q498_2015,HUMANITIES & ARTS MAGNET HIGH SCHOOL,70.7
20359,30Q286_2015,YOUNG WOMEN'S LEADERSHIP SCHOOL ASTORIA,95.9
20381,30Q301_2015,ACADEMY FOR CAREERS IN TELEVISION AND FILM,98.0
20410,30Q445_2015,WILLIAM CULLEN BRYANT HIGH SCHOOL,67.4
20462,30Q450_2015,LONG ISLAND CITY HIGH SCHOOL,62.0
20514,30Q501_2015,FRANK SINATRA SCHOOL OF THE ARTS HS,94.8
20566,30Q502_2015,INFORMATION TECHNOLOGY HIGH SCHOOL,73.3
20618,30Q555_2015,NEWCOMERS HIGH SCHOOL,71.2
20670,30Q575_2015,ACADEMY OF AMERICAN STUDIES,88.1
20722,30Q580_2015,BACCALAUREATE SCHOOL FOR GLOBAL EDUCATION,100.0
20771,31R047_2015,CSI HIGH SCHOOL FOR INTERNATIONAL STUDIES,95.8
20809,31R064_2015,GAYNOR MCCOWN EXPEDITIONARY LEARNING SCHOOL,80.2
20839,31R080_2015,THE MICHAEL J PETRIDES SCHOOL,81.7
20891,31R440_2015,NEW DORP HIGH SCHOOL,76.1
20943,31R445_2015,PORT RICHMOND HIGH SCHOOL,61.0
20995,31R450_2015,CURTIS HIGH SCHOOL,75.6
21047,31R455_2015,TOTTENVILLE HIGH SCHOOL,86.4
21099,31R460_2015,SUSAN E WAGNER HIGH SCHOOL,76.5
21150,31R470_2015,CONCORD HIGH SCHOOL,21.7
21202,31R600_2015,RALPH R MCKEE CAREER AND TECHNICAL EDUCATION HIGH,59.4
21254,31R605_2015,STATEN ISLAND TECHNICAL HIGH SCHOOL,99.0
21301,32K168_2015,THE BROOKLYN SCHOOL FOR MATH AND RESEARCH,73.5
21325,32K403_2015,ACADEMY FOR ENVIRONMENTAL LEADERSHIP,68.8
21377,32K545_2015,EBC HIGH SCHOOL FOR PUBLIC SERVICE  BUSHWICK,60.5
21429,32K549_2015,THE BROOKLYN SCHOOL FOR SOCIAL JUSTICE,64.0
21478,32K552_2015,THE ACADEMY OF URBAN PLANNING AND ENGINEERING,55.6
21532,32K554_2015,ALL CITY LEADERSHIP SECONDARY SCHOOL,85.0
21579,32K556_2015,BUSHWICK LEADERS HIGH SCHOOL FOR ACADEMIC EXCELLEN,61.1
21628,32K564_2015,BUSHWICK COMMUNITY HIGH SCHOOL,9.2
10,01M292_2016,ORCHARD COLLEGIATE ACADEMY,52.3
57,01M448_2016,UNIVERSITY NEIGHBORHOOD HIGH SCHOOL,75.8
109,01M450_2016,EAST SIDE COMMUNITY SCHOOL,80.0
159,01M458_2016,FORSYTH SATELLITE ACADEMY,14.6
196,01M509_2016,MARTA VALLE HIGH SCHOOL,58.1
248,01M515_2016,LOWER EAST SIDE PREPARATORY HIGH SCHOOL,33.9
300,01M539_2016,NEW EXPLORATIONS INTO SCIENCE TECHNOLOGY AND MATH,99.5
353,01M650_2016,CASCADES HIGH SCHOOL,28.6
405,01M696_2016,BARD HIGH SCHOOL EARLY COLLEGE,96.9
457,02M047_2016,47 THE AMERICAN SIGN LANGUAGE AND ENGLISH SECONDAR,82.8
507,02M139_2016,STEPHEN T MATHER BUILDING ARTS & CRAFTSMANSHIP HIG,
522,02M288_2016,FOOD AND FINANCE HIGH SCHOOL,88.3
575,02M294_2016,ESSEX STREET ACADEMY,79.5
623,02M296_2016,HIGH SCHOOL OF HOSPITALITY MANAGEMENT,74.0
671,02M298_2016,PACE HIGH SCHOOL,89.0
720,02M300_2016,URBAN ASSEMBLY SCHOOL OF DESIGN AND CONSTRUCTION T,66.7
770,02M303_2016,FACING HISTORY SCHOOL THE,68.9
813,02M305_2016,URBAN ASSEMBLY ACADEMY OF GOVERNMENT AND LAW THE,83.1
856,02M308_2016,LOWER MANHATTAN ARTS ACADEMY,71.8
900,02M313_2016,JAMES BALDWIN SCHOOL THE: A SCHOOL FOR EXPEDITIONA,29.7
950,02M316_2016,URBAN ASSEMBLY SCHOOL OF BUSINESS FOR YOUNG WOMEN,63.3
996,02M374_2016,GRAMERCY ARTS HIGH SCHOOL,70.5
1035,02M376_2016,NYC ISCHOOL,96.3
1059,02M392_2016,MANHATTAN BUSINESS ACADEMY,87.5
1084,02M393_2016,BUSINESS OF SPORTS SCHOOL,65.9
1111,02M394_2016,EMMA LAZARUS HIGH SCHOOL,69.5
1148,02M399_2016,THE HIGH SCHOOL FOR LANGUAGE AND DIPLOMACY,81.3
1177,02M400_2016,HIGH SCHOOL FOR ENVIRONMENTAL STUDIES,76.4
1229,02M407_2016,INSTITUTE FOR COLLABORATIVE EDUCATION,87.5
1280,02M408_2016,PROFESSIONAL PERFORMING ARTS HIGH SCHOOL,91.2
1333,02M411_2016,BARUCH COLLEGE CAMPUS HIGH SCHOOL,99.1
1385,02M412_2016,NYC LAB SCHOOL FOR COLLABORATIVE STUDIES,97.7
1437,02M413_2016,SCHOOL OF THE FUTURE HIGH SCHOOL,86.7
1489,02M414_2016,NYC MUSEUM SCHOOL,98.3
1541,02M416_2016,ELEANOR ROOSEVELT HIGH SCHOOL,100.0
1594,02M418_2016,MILLENNIUM HIGH SCHOOL,98.2
1642,02M419_2016,LANDMARK HIGH SCHOOL,60.9
1694,02M420_2016,HIGH SCHOOL FOR HEALTH PROFESSIONS AND HUMAN SERVI,86.3
1741,02M422_2016,QUEST TO LEARN,74.4
1758,02M425_2016,LEADERSHIP AND PUBLIC SERVICE HIGH SCHOOL,67.9
1806,02M427_2016,MANHATTAN ACADEMY FOR ARTS & LANGUAGE,60.0
1876,02M432_2016,MURRAY HILL ACADEMY,67.1
1896,02M437_2016,HUDSON HIGH SCHOOL OF LEARNING TECHNOLOGIES,80.6
1918,02M438_2016,INTERNATIONAL HIGH SCHOOL AT UNION SQUARE,68.9
1947,02M439_2016,MANHATTAN VILLAGE ACADEMY,98.9
2046,02M449_2016,VANGUARD HIGH SCHOOL,64.4
2098,02M459_2016,MANHATTAN INTERNATIONAL HIGH SCHOOL,75.6
2197,02M475_2016,STUYVESANT HIGH SCHOOL,97.3
2249,02M489_2016,HIGH SCHOOL OF ECONOMICS AND FINANCE,77.1
2301,02M500_2016,UNITY CENTER FOR URBAN TECHNOLOGIES,84.4
2348,02M507_2016,URBAN ASSEMBLY GATEWAY SCHOOL FOR TECHNOLOGY,89.2
2373,02M519_2016,TALENT UNLIMITED HIGH SCHOOL,95.3
2425,02M520_2016,MURRY BERGTRAUM HIGH SCHOOL FOR BUSINESS CAREERS,51.4
2477,02M529_2016,JACQUELINE KENNEDY ONASSIS HIGH SCHOOL,62.0
2529,02M531_2016,REPERTORY COMPANY HIGH SCHOOL FOR THEATRE ARTS,96.4
2576,02M533_2016,UNION SQUARE ACADEMY FOR HEALTH SCIENCES,87.5
2588,02M534_2016,HARVEST COLLEGIATE HIGH SCHOOL,88.1
2619,02M542_2016,MANHATTAN BRIDGES HIGH SCHOOL,93.3
2668,02M543_2016,NEW DESIGN HIGH SCHOOL,77.9
2720,02M544_2016,INDEPENDENCE HIGH SCHOOL,11.2
2773,02M545_2016,HIGH SCHOOL FOR DUAL LANGUAGE AND ASIAN STUDIES,98.2
2812,02M546_2016,ACADEMY FOR SOFTWARE ENGINEERING,94.2
2825,02M550_2016,LIBERTY HIGH SCHOOL ACADEMY FOR NEWCOMERS,43.4
2877,02M551_2016,URBAN ASSEMBLY NEW YORK HARBOR SCHOOL,78.8
2926,02M560_2016,HIGH SCHOOL M560  CITY AS SCHOOL,37.0
2978,02M565_2016,URBAN ACADEMY LABORATORY HIGH SCHOOL,44.8
3029,02M570_2016,SATELLITE ACADEMY HIGH SCHOOL,9.5
3081,02M575_2016,MANHATTAN COMPREHENSIVE NIGHT AND DAY HIGH SCHOOL,17.8
3133,02M580_2016,RICHARD R GREEN HIGH SCHOOL OF TEACHING,66.7
3185,02M586_2016,HARVEY MILK HIGH SCHOOL,20.0
3237,02M600_2016,THE HIGH SCHOOL OF FASHION INDUSTRIES,89.7
3289,02M605_2016,HUMANITIES PREPARATORY ACADEMY,74.5
3342,02M615_2016,CHELSEA CAREER AND TECHNICAL EDUCATION HIGH SCHOOL,70.2
3440,02M625_2016,HS OF GRAPHIC COMMUNICATION ARTS,57.9
3491,02M630_2016,ART AND DESIGN HIGH SCHOOL,76.6
3543,02M655_2016,LIFE SCIENCES SECONDARY SCHOOL,62.0
3662,03M299_2016,THE MAXINE GREENE HS FOR IMAGINATIVE INQUIRY,64.4
3705,03M307_2016,URBAN ASSEMBLY SCHOOL FOR MEDIA STUDIES THE,70.2
3748,03M402_2016,THE URBAN ASSEMBLY SCHOOL FOR GREEN CAREERS,56.8
3771,03M403_2016,THE GLOBAL LEARNING COLLABORATIVE,79.0
3800,03M404_2016,INNOVATION DIPLOMA PLUS,13.0
3840,03M415_2016,WADLEIGH SECONDARY SCHOOL FOR THE PERFORMING & VIS,67.0
3888,03M417_2016,FRANK MCCOURT HIGH SCHOOL,89.6
3939,03M479_2016,BEACON HIGH SCHOOL,98.3
3991,03M485_2016,FIORELLO H LAGUARDIA HIGH SCHOOL OF MUSIC & ART AN,97.0
4053,03M492_2016,HIGH SCHOOL FOR LAW ADVOCACY AND COMMUNITY JUSTICE,78.3
4102,03M494_2016,HIGH SCHOOL OF ARTS AND TECHNOLOGY,62.0
4154,03M505_2016,EDWARD A REYNOLDS WEST SIDE HIGH SCHOOL,14.5
4206,03M541_2016,MANHATTAN / HUNTER SCIENCE HIGH SCHOOL,99.0
4254,03M860_2016,FREDERICK DOUGLASS ACADEMY II SECONDARY SCHOOL,53.4
4299,04M372_2016,ESPERANZA PREPARATORY ACADEMY,67.1
4321,04M409_2016,COALITION SCHOOL FOR SOCIAL CHANGE,46.7
4372,04M435_2016,MANHATTAN CENTER FOR SCIENCE AND MATHEMATICS,93.4
4425,04M495_2016,PARK EAST HIGH SCHOOL,74.2
4477,04M555_2016,CENTRAL PARK EAST HIGH SCHOOL,93.3
4529,04M610_2016,YOUNG WOMEN'S LEADERSHIP SCHOOL,100.0
4623,04M680_2016,HERITAGE SCHOOL THE,70.2
4690,05M157_2016,THE URBAN ASSEMBLY SCHOOL FOR GLOBAL COMMERCE,
4707,05M285_2016,HARLEM RENAISSANCE HIGH SCHOOL,10.5
4760,05M304_2016,MOTT HALL HIGH SCHOOL,71.6
4804,05M362_2016,COLUMBIA SECONDARY SCHOOL,97.6
4822,05M367_2016,ACADEMY FOR SOCIAL ACTION,39.3
4855,05M369_2016,URBAN ASSEMBLY SCHOOL FOR THE PERFORMING ARTS,75.0
4893,05M469_2016,CHOIR ACADEMY OF HARLEM,77.4
4945,05M499_2016,FREDERICK DOUGLASS ACADEMY,71.2
4997,05M670_2016,THURGOOD MARSHALL ACADEMY FOR LEARNING AND SOCIAL,74.4
5048,05M685_2016,BREAD & ROSES INTEGRATED ARTS HS,39.4
5100,05M692_2016,HIGH SCHOOL FOR MATHEMATICS SCIENCE AND ENGINEERIN,97.8
5147,06M293_2016,CITY COLLEGE ACADEMY OF THE ARTS,96.6
5178,06M346_2016,COMMUNITY HEALTH ACADEMY OF THE HEIGHTS,71.4
5208,06M348_2016,WASHINGTON HEIGHTS EXPEDITIONARY LEARNING SCHOOL,68.2
5236,06M423_2016,HIGH SCHOOL FOR EXCELLENCE AND INNOVATION,36.1
5266,06M462_2016,THE COLLEGE ACADEMY,53.5
5318,06M463_2016,HIGH SCHOOL FOR MEDIA AND COMMUNICATIONS,48.6
5371,06M467_2016,HIGH SCHOOL FOR LAW AND PUBLIC SERVICE,63.1
5423,06M468_2016,HIGH SCHOOL FOR HEALTH CAREERS AND SCIENCES,64.4
5475,06M540_2016,A PHILIP RANDOLPH CAMPUS HIGH SCHOOL,70.9
5527,06M552_2016,GREGORIO LUPERON HIGH SCHOOL FOR SCIENCE AND MATHE,63.7
5580,07X221_2016,SOUTH BRONX PREPARATORY: A COLLEGE BOARD SCHOOL,92.4
5623,07X223_2016,THE LABORATORY SCHOOL OF FINANCE AND TECHNOLOGY: X,
5633,07X259_2016,HERO HIGH HEALTH EDUCATION AND RESEARCH OCCUPATION,
5647,07X334_2016,INTERNATIONAL COMMUNITY HIGH SCHOOL,64.8
5682,07X379_2016,JILL CHAIFETZ TRANSFER HIGH SCHOOL,12.9
5730,07X381_2016,BRONX HAVEN HS,12.0
5774,07X427_2016,COMMUNITY SCHOOL FOR SOCIAL JUSTICE,69.6
5831,07X473_2016,MOTT HAVEN VILLAGE PREPARATORY HIGH SCHOOL,57.6
5883,07X495_2016,UNIVERSITY HEIGHTS SECONDARY SCHOOL,95.0
5935,07X500_2016,HOSTOSLINCOLN ACADEMY OF SCIENCE,80.7
5989,07X520_2016,FOREIGN LANGUAGE ACADEMY OF GLOBAL STUDIES,55.9
6037,07X522_2016,BRONX DESIGN AND CONSTRUCTION ACADEMY,57.7
6062,07X527_2016,BRONX LEADERSHIP ACADEMY II HS,76.6
6110,07X547_2016,NEW EXPLORERS HIGH SCHOOL,46.2
6163,07X548_2016,CAREERS IN SPORTS HIGH SCHOOL,68.4
6215,07X551_2016,THE URBAN ASSEMBLY BRONX ACADEMY OF LETTERS,53.3
6260,07X557_2016,MOTT HAVEN COMMUNITY HIGH SCHOOL,13.6
6289,07X600_2016,ALFRED E SMITH CAREER AND TECHNICAL EDUCATION HIGH,68.1
6388,07X670_2016,HEALTH OPPORTUNITIES HIGH SCHOOL,62.1
6438,08X269_2016,BRONX STUDIO SCHOOL FOR WRITERS AND ARTISTS,58.9
6466,08X282_2016,WOMEN'S ACADEMY OF EXCELLENCE,57.1
6498,08X305_2016,PABLO NERUDA ACADEMY,52.7
6509,08X293_2016,RENAISSANCE HIGH SCHOOL FOR MUSICAL THEATER & TECH,72.2
6658,08X312_2016,MILLENNIUM ART ACADEMY,66.4
6700,08X320_2016,PELHAM LAB HIGH SCHOOL,
6717,08X332_2016,HOLCOMBE L RUCKER SCHOOL OF COMMUNITY RESEARCH,55.4
6752,08X348_2016,SCHUYLERVILLE PREPARATORY HIGH SCHOOL,
6759,08X349_2016,BRONX RIVER HIGH SCHOOL,
6768,08X367_2016,ARCHIMEDES ACADEMY FOR MATH SCIENCE AND TECHNOLOGY,51.6
6792,08X376_2016,ANTONIA PANTOJA PREPARATORY ACADEMY: A COLLEGE BOA,58.0
6796,08X377_2016,BRONX COMMUNITY HIGH SCHOOL,11.3
6865,08X405_2016,HERBERT H LEHMAN HIGH SCHOOL,45.1
6912,08X432_2016,BRONX BRIDGES HIGH SCHOOL,46.3
6954,08X452_2016,GOTHAM COLLABORATIVE HIGH SCHOOL,67.1
7006,08X519_2016,FELISA RINCON DE GAUTIER INSTITUTE FOR LAW AND PUB,44.8
7055,08X530_2016,LONGWOOD PREPARATORY ACADEMY,44.6
7104,08X537_2016,BRONX ARENA HIGH SCHOOL,12.2
7171,08X558_2016,WESTCHESTER SQUARE ACADEMY,72.4
7182,08X559_2016,SCHOOL FOR TOURISM AND HOSPITALITY,71.6
7240,08X561_2016,BRONX COMPASS HIGH SCHOOL,64.3
7326,09X227_2016,BRONX COLLEGIATE ACADEMY,46.0
7376,09X231_2016,EAGLE ACADEMY FOR YOUNG MEN,77.5
7458,09X241_2016,URBAN ASSEMBLY SCHOOL FOR APPLIED MATH AND SCIENCE,80.3
7491,09X250_2016,EXIMIUS COLLEGE PREPARATORY ACADEMY: A COLLEGE BOA,80.9
7537,09X252_2016,MOTT HALL BRONX HIGH SCHOOL,74.3
7580,09X260_2016,BRONX CENTER FOR SCIENCE AND MATHEMATICS,86.9
7623,09X263_2016,VALIDUS PREPARATORY ACADEMY,60.8
7666,09X276_2016,LEADERSHIP INSTITUTE,52.2
7710,09X297_2016,MORRIS ACADEMY FOR COLLABORATIVE STUDIES,63.0
7758,09X324_2016,BRONX EARLY COLLEGE ACADEMY FOR TEACHING & LEARNIN,92.6
7777,09X327_2016,COMPREHENSIVE MODEL SCHOOL PROJECT MS 327,82.0
7795,09X329_2016,DREAMYARD PREPARATORY SCHOOL,56.5
7832,09X350_2016,NEW DIRECTIONS SECONDARY SCHOOL,
7843,09X365_2016,ACADEMY FOR LANGUAGE AND TECHNOLOGY,93.2
7876,09X403_2016,BRONX INTERNATIONAL HIGH SCHOOL,72.3
7928,09X404_2016,SCHOOL FOR EXCELLENCE,54.3
7980,09X412_2016,BRONX HIGH SCHOOL OF BUSINESS,46.9
8032,09X413_2016,BRONX HIGH SCHOOL FOR MEDICAL SCIENCE,93.6
8079,09X414_2016,JONATHAN LEVIN HS FOR MEDIA AND COMMUNICATIONS,39.5
8131,09X505_2016,BRONX SCHOOL FOR LAW GOVERNMENT AND JUSTICE,76.7
8183,09X517_2016,FREDERICK DOUGLASS ACADEMY III SECONDARY SCHOOL,53.3
8230,09X525_2016,BRONX LEADERSHIP ACADEMY HIGH SCHOOL,59.8
8282,09X543_2016,HIGH SCHOOL FOR VIOLIN AND DANCE,62.3
8325,09X564_2016,CLAREMONT INTERNATIONAL HS,65.7
8343,10X141_2016,RIVERDALE / KINGSBRIDGE ACADEMY MIDDLE SCHOOL / HI,85.8
8394,10X213_2016,BRONX ENGINEERING AND TECHNOLOGY ACADEMY,74.4
8440,10X225_2016,THEATRE ARTS PRODUCTION COMPANY SCHOOL,75.6
8480,10X237_2016,THE MARIE CURIE SCHOOL FOR MEDICINE NURSING AND HE,71.5
8524,10X243_2016,WEST BRONX ACADEMY FOR THE FUTURE,86.8
8582,10X268_2016,KINGSBRIDGE INTERNATIONAL HIGH SCHOOL,42.3
8624,10X284_2016,BRONX SCHOOL OF LAW AND FINANCE,66.3
8676,10X319_2016,PROVIDING URBAN LEARNERS SUCCESS IN EDUCATION HIGH,8.8
8728,10X342_2016,INTERNATIONAL SCHOOL FOR LIBERAL ARTS,67.0
8766,10X351_2016,BRONX COLLABORATIVE HIGH SCHOOL,0.0
8790,10X368_2016,INTECH ACADEMY MS / HIGH SCHOOL 368,81.3
8836,10X374_2016,KNOWLEDGE AND POWER PREPARATORY ACADEMY INTERNATIO,90.6
8875,10X397_2016,ENGLISH LANGUAGE LEARNERS AND INTERNATIONAL SUPPOR,28.2
8938,10X433_2016,HIGH SCHOOL FOR TEACHING AND THE PROFESSIONS,64.3
8990,10X434_2016,BELMONT PREPARATORY HIGH SCHOOL,80.6
9054,10X437_2016,FORDHAM HIGH SCHOOL FOR THE ARTS,97.3
9103,10X438_2016,FORDHAM LEADERSHIP ACADEMY,59.5
9154,10X439_2016,BRONX HIGH SCHOOL FOR LAW AND COMMUNITY SERVICE,77.7
9206,10X440_2016,DEWITT CLINTON HIGH SCHOOL,42.7
9258,10X442_2016,CELIA CRUZ BRONX HIGH SCHOOL OF MUSIC THE,87.0
9304,10X445_2016,BRONX HIGH SCHOOL OF SCIENCE,99.6
9392,10X477_2016,MARBLE HILL HIGH SCHOOL FOR INTERNATIONAL STUDIES,89.4
9439,10X524_2016,CROTONA INTERNATIONAL HIGH SCHOOL,35.0
9461,10X546_2016,BRONX THEATRE HIGH SCHOOL,70.1
9510,10X549_2016,DISCOVERY HIGH SCHOOL,73.6
9553,10X565_2016,HIGH SCHOOL FOR ENERGY AND TECHNOLOGY,81.7
9615,10X696_2016,HIGH SCHOOL OF AMERICAN STUDIES AT LEHMAN COLLEGE,100.0
9664,11X249_2016,BRONX HEALTH SCIENCES HIGH SCHOOL,90.2
9707,11X253_2016,BRONX HIGH SCHOOL FOR WRITING AND COMMUNICATION AR,67.9
9756,11X265_2016,BRONX LAB SCHOOL,59.0
9803,11X270_2016,ACADEMY FOR SCHOLARSHIP AND ENTREPRENEURSHIP,62.0
9846,11X275_2016,HIGH SCHOOL OF COMPUTERS AND TECHNOLOGY,75.7
9898,11X288_2016,COLLEGIATE INSTITUTE FOR MATH AND SCIENCE,82.9
9947,11X290_2016,BRONX ACADEMY OF HEALTH CAREERS,73.9
9999,11X299_2016,ASTOR COLLEGIATE ACADEMY,70.7
10089,11X418_2016,BRONX HIGH SCHOOL FOR THE VISUAL ARTS,52.5
10162,11X455_2016,HARRY S TRUMAN HIGH SCHOOL,67.0
10210,11X508_2016,BRONXDALE HIGH SCHOOL,75.7
10230,11X509_2016,HIGH SCHOOL OF LANGUAGE AND INNOVATION,60.6
10250,11X513_2016,NEW WORLD HIGH SCHOOL,77.3
10296,11X514_2016,THE BRONXWOOD PREPARATORY ACADEMY,63.4
10383,11X542_2016,PELHAM PREPARATORY ACADEMY,88.3
10436,11X544_2016,HIGH SCHOOL FOR CONTEMPORARY ARTS,57.3
10487,11X545_2016,BRONX AEROSPACE HIGH SCHOOL,69.2
10535,12X242_2016,MOTT HALL V,80.2
10593,12X248_2016,METROPOLITAN HIGH SCHOOL THE,58.1
10639,12X251_2016,EXPLORATIONS ACADEMY HS,61.2
10719,12X267_2016,BRONX LATIN,90.3
10756,12X271_2016,EAST BRONX ACADEMY FOR THE FUTURE,83.8
10804,12X278_2016,PEACE AND DIVERSITY ACADEMY,40.9
10850,12X321_2016,CROTONA ACADEMY HIGH SCHOOL,28.6
10898,12X372_2016,URBAN ASSEMBLY SCHOOL FOR WILDLIFE CONSERVATION,72.2
10922,12X388_2016,PAN AMERICAN INTERNATIONAL HIGH SCHOOL AT MONROE,82.0
10952,12X446_2016,ARTURO A SCHOMBURG SATELLITE ACADEMY BRONX,5.3
10985,12X478_2016,THE CINEMA SCHOOL,80.8
11007,12X479_2016,BRONX CAREER AND COLLEGE PREPARATORY HIGH SCHOOL,40.7
11036,12X480_2016,BRONX REGIONAL HIGH SCHOOL,2.8
11083,12X511_2016,BRONX ENVISION ACADEMY,67.0
11100,12X521_2016,THE METROPOLITAN SOUNDVIEW HIGH SCHOOL,72.2
11124,12X550_2016,HIGH SCHOOL OF WORLD CULTURES,43.3
11202,12X682_2016,FANNIE LOU HAMER FREEDOM HIGH SCHOOL,65.6
11254,12X684_2016,WINGS ACADEMY,47.2
11347,12X692_2016,MONROE ACADEMY FOR VISUAL ARTS & DESIGN,38.4
11399,13K265_2016,DR SUSAN S MCKINNEY SECONDARY SCHOOL OF THE ARTS,69.2
11466,13K350_2016,URBAN ASSEMBLY SCHOOL FOR MUSIC AND ART,78.8
11508,13K412_2016,BROOKLYN COMMUNITY ARTS & MEDIA HIGH SCHOOL BCAM,65.1
11549,13K419_2016,SCIENCE SKILLS CENTER HIGH SCHOOL FOR SCIENCE TECH,77.7
11601,13K430_2016,BROOKLYN TECHNICAL HIGH SCHOOL,95.5
11653,13K439_2016,BROOKLYN INTERNATIONAL HIGH SCHOOL,80.2
11705,13K483_2016,THE URBAN ASSEMBLY SCHOOL FOR LAW AND JUSTICE,93.3
11751,13K499_2016,ACORN COMMUNITY HIGH SCHOOL,68.5
11845,13K527_2016,URBAN ASSEMBLY INSTITUTE OF MATH AND SCIENCE FOR Y,68.3
11873,13K553_2016,BROOKLYN ACADEMY HIGH SCHOOL,16.4
11925,13K575_2016,BEDFORD STUYVESANT PREPARATORY HIGH SCHOOL,24.5
11977,13K595_2016,BEDFORD ACADEMY HIGH SCHOOL,97.7
12026,13K605_2016,GEORGE WESTINGHOUSE CAREER AND TECHNICAL EDUCATION,75.0
12078,13K616_2016,BROOKLYN HIGH SCHOOL FOR LEADERSHIP AND COMMUNITY,15.4
12120,13K670_2016,BENJAMIN BANNEKER ACADEMY,94.2
12168,13K674_2016,CITY POLYTECHNIC HIGH SCHOOL OF ENGINEERING ARCHIT,81.3
12196,14K071_2016,JUAN MOREL CAMPOS SECONDARY SCHOOL,45.1
12248,14K322_2016,FOUNDATIONS ACADEMY,50.0
12293,14K449_2016,BROOKLYN LATIN SCHOOL THE,94.0
12326,14K454_2016,THE WILLIAMSBURG HIGH SCHOOL OF ART AND TECHNOLOGY,69.6
12369,14K474_2016,PROGRESS HIGH SCHOOL FOR PROFESSIONAL CAREERS,65.0
12422,14K477_2016,EAST WILLIAMSBURG SCHOLARS ACADEMY,56.3
12474,14K478_2016,THE HIGH SCHOOL FOR ENTERPRISE BUSINESS AND TECHNO,78.5
12527,14K488_2016,BROOKLYN PREPARATORY HIGH SCHOOL,86.0
12571,14K558_2016,WILLIAMSBURG HIGH SCHOOL FOR ARCHITECTURE AND DESI,94.1
12621,14K561_2016,WILLIAMSBURG PREPARATORY SCHOOL,88.4
12666,14K586_2016,LYONS COMMUNITY SCHOOL,64.5
12703,14K610_2016,AUTOMOTIVE HIGH SCHOOL,57.0
12749,14K614_2016,YOUNG WOMEN'S LEADERSHIP SCHOOL OF BROOKLYN,100.0
12764,14K632_2016,FRANCES PERKINS ACADEMY,63.6
12812,14K685_2016,EL PUENTE ACADEMY FOR PEACE AND JUSTICE,77.3
12873,15K423_2016,BROOKLYN FRONTIERS HIGH SCHOOL,17.0
12890,15K429_2016,DIGITAL ARTS AND CINEMA TECHNOLOGY HIGH SCHOOL,76.7
12942,15K448_2016,BROOKLYN SECONDARY SCHOOL FOR COLLABORATIVE STUDIE,88.7
12991,15K462_2016,JOHN JAY SCHOOL FOR LAW,79.7
13043,15K463_2016,SECONDARY SCHOOL FOR JOURNALISM,69.8
13095,15K464_2016,PARK SLOPE COLLEGIATE,78.5
13146,15K497_2016,THE BOERUM HILL SCHOOL FOR INTERNATIONAL STUDIES,67.2
13198,15K519_2016,COBBLE HILL SCHOOL OF AMERICAN STUDIES,79.1
13281,15K529_2016,WEST BROOKLYN COMMUNITY HIGH SCHOOL,11.1
13369,15K592_2016,KHALIL GIBRAN INTERNATIONAL ACADEMY,67.3
13394,15K656_2016,BROOKLYN HIGH SCHOOL OF THE ARTS,80.0
13445,15K667_2016,SUNSET PARK HIGH SCHOOL,63.9
13473,15K684_2016,MILLENNIUM BROOKLYN HS,97.5
13494,15K698_2016,SOUTH BROOKLYN COMMUNITY HIGH SCHOOL,10.8
13546,16K393_2016,FREDERICK DOUGLASS ACADEMY IV SECONDARY SCHOOL,47.4
13589,16K455_2016,BOYS AND GIRLS HIGH SCHOOL,49.2
13641,16K498_2016,BROOKLYN HS FOR LAW AND TECHNOLOGY,66.0
13692,16K594_2016,GOTHAM PROFESSIONAL ARTS ACADEMY,52.8
13723,16K669_2016,RESEARCH AND SERVICE HIGH SCHOOL,18.3
13746,16K688_2016,THE BROOKLYN ACADEMY OF GLOBAL FINANCE,61.5
13772,16K765_2016,NELSON MANDELA HIGH SCHOOL,
13779,17K122_2016,PATHWAYS IN TECHNOLOGY EARLY COLLEGE HIGH SCHOOL P,57.7
13796,17K382_2016,ACADEMY FOR COLLEGE PREPARATION AND CAREER EXPLORA,55.8
13836,17K408_2016,ACADEMY OF HOSPITALITY AND TOURISM,46.6
13938,17K489_2016,WEB DUBOIS ACADEMIC HIGH SCHOOL,10.0
13990,17K524_2016,INTERNATIONAL HIGH SCHOOL AT PROSPECT HEIGHTS,69.6
14040,17K528_2016,THE HIGH SCHOOL FOR GLOBAL CITIZENSHIP,57.9
14089,17K531_2016,SCHOOL FOR HUMAN RIGHTS THE,67.9
14138,17K533_2016,SCHOOL FOR DEMOCRACY AND LEADERSHIP,45.9
14184,17K537_2016,HIGH SCHOOL FOR YOUTH AND COMMUNITY DEVELOPMENT AT,75.8
14233,17K539_2016,HIGH SCHOOL FOR SERVICE & LEARNING AT ERASMUS,73.6
14283,17K543_2016,SCIENCE TECHNOLOGY AND RESEARCH EARLY COLLEGE HIGH,94.9
14378,17K546_2016,HIGH SCHOOL FOR PUBLIC SERVICE: HEROES OF TOMORROW,93.3
14424,17K547_2016,BROOKLYN ACADEMY OF SCIENCE AND THE ENVIRONMENT,72.6
14473,17K548_2016,BROOKLYN SCHOOL FOR MUSIC & THEATRE,85.7
14525,17K568_2016,BROWNSVILLE ACADEMY HIGH SCHOOL,19.3
14577,17K590_2016,MEDGAR EVERS COLLEGE PREPARATORY SCHOOL,93.6
14629,17K600_2016,CLARA BARTON HIGH SCHOOL,66.3
14721,17K745_2016,BROOKLYN INSTITUTE FOR LIBERAL ARTS,90.6
14735,17K751_2016,ACADEMY FOR HEALTH CAREERS,72.2
14843,18K563_2016,IT TAKES A VILLAGE ACADEMY,86.4
14883,18K566_2016,BROOKLYN GENERATION SCHOOL,61.5
14924,18K567_2016,BROOKLYN THEATRE ARTS HIGH SCHOOL,59.1
14959,18K569_2016,KURT HAHN EXPEDITIONARY LEARNING SCHOOL,69.4
14998,18K576_2016,VICTORY COLLEGIATE HIGH SCHOOL,69.9
15039,18K578_2016,BROOKLYN BRIDGE ACADEMY,15.3
15083,18K589_2016,ARTS & MEDIA PREPARATORY ACADEMY,67.3
15118,18K617_2016,HIGH SCHOOL FOR INNOVATION IN ADVERTISING AND MEDI,70.7
15151,18K629_2016,CULTURAL ACADEMY FOR THE ARTS AND SCIENCES,61.7
15185,18K633_2016,HIGH SCHOOL FOR MEDICAL PROFESSIONS,85.6
15214,18K635_2016,OLYMPUS ACADEMY,9.5
15254,18K637_2016,ACADEMY FOR CONSERVATION AND THE ENVIRONMENT,78.8
15285,18K642_2016,URBAN ACTION ACADEMY,62.7
15320,18K673_2016,EAST BROOKLYN COMMUNITY HIGH SCHOOL,27.0
15360,19K404_2016,ACADEMY FOR YOUNG WRITERS,88.7
15403,19K409_2016,EAST NEW YORK FAMILY ACADEMY,86.2
15503,19K502_2016,FDNY  CAPTAIN VERNON A RICHARDS HIGH SCHOOL FOR FI,79.2
15552,19K504_2016,HIGH SCHOOL FOR CIVIL RIGHTS,47.4
15601,19K507_2016,PERFORMING ARTS AND TECHNOLOGY HIGH SCHOOL,72.2
15650,19K510_2016,WORLD ACADEMY FOR TOTAL COMMUNITY HEALTH HIGH SCHO,73.9
15702,19K583_2016,MULTICULTURAL HIGH SCHOOL,60.9
15736,19K615_2016,TRANSIT TECH CAREER AND TECHNICAL EDUCATION HIGH S,65.4
15787,19K618_2016,ACADEMY OF INNOVATIVE TECHNOLOGY,71.3
15823,19K639_2016,BROOKLYN LAB SCHOOL,58.0
15856,19K659_2016,CYPRESS HILLS COLLEGIATE PREPARATORY SCHOOL,73.2
15898,19K660_2016,W H MAXWELL CAREER AND TECHNICAL EDUCATION HIGH SC,60.4
15948,19K683_2016,THE SCHOOL FOR CLASSICS: AN ACADEMY OF THINKERS WR,51.4
15974,19K764_2016,THE URBAN ASSEMBLY SCHOOL FOR COLLABORATIVE HEALTH,
15987,20K445_2016,NEW UTRECHT HIGH SCHOOL,70.1
16039,20K485_2016,HIGH SCHOOL OF TELECOMMUNICATION ARTS AND TECHNOLO,82.3
16091,20K490_2016,FORT HAMILTON HIGH SCHOOL,72.9
16143,20K505_2016,FRANKLIN DELANO ROOSEVELT HIGH SCHOOL,58.0
16193,20K609_2016,URBAN ASSEMBLY SCHOOL FOR CRIMINAL JUSTICE,93.7
16221,21K337_2016,INTERNATIONAL HS AT LAFAYETTE,66.2
16261,21K344_2016,RACHEL CARSON HIGH SCHOOL FOR COASTAL STUDIES,74.3
16307,21K348_2016,HIGH SCHOOL OF SPORTS MANAGEMENT,66.1
16371,21K410_2016,ABRAHAM LINCOLN HIGH SCHOOL,59.6
16419,21K468_2016,KINGSBOROUGH EARLY COLLEGE SCHOOL,95.1
16444,21K525_2016,EDWARD R MURROW HIGH SCHOOL,78.2
16496,21K540_2016,JOHN DEWEY HIGH SCHOOL,68.6
16547,21K559_2016,LIFE ACADEMY HIGH SCHOOL FOR FILM AND MUSIC,94.7
16585,21K572_2016,EXPEDITIONARY LEARNING SCHOOL FOR COMMUNITY LEADER,92.3
16628,21K620_2016,WILLIAM E GRADY CAREER AND TECHNICAL EDUCATION HIG,44.3
16680,21K690_2016,BROOKLYN STUDIO SECONDARY SCHOOL,76.1
16732,21K728_2016,LIBERATION DIPLOMA PLUS,13.0
16780,22K405_2016,MIDWOOD HIGH SCHOOL,88.0
16832,22K425_2016,JAMES MADISON HIGH SCHOOL,77.2
16882,22K495_2016,SHEEPSHEAD BAY HS,64.7
16934,22K535_2016,LEON M GOLDSTEIN HIGH SCHOOL FOR THE SCIENCES,95.1
16985,22K555_2016,BROOKLYN COLLEGE ACADEMY,95.9
17047,22K611_2016,ORIGINS HIGH SCHOOL,
17055,22K630_2016,PROFESSIONAL PATHWAYS HIGH SCHOOL,19.6
17079,23K493_2016,BROOKLYN COLLEGIATE: A COLLEGE BOARD SCHOOL,67.4
17128,23K514_2016,FREDERICK DOUGLASS ACADEMY VII HIGH SCHOOL,55.6
17178,23K643_2016,BROOKLYN DEMOCRACY ACADEMY,9.7
17214,23K644_2016,EAGLE ACADEMY FOR YOUNG MEN II,73.2
17257,23K646_2016,ASPIRATIONS DIPLOMA PLUS HIGH SCHOOL,11.6
17300,23K647_2016,METROPOLITAN DIPLOMA PLUS HIGH SCHOOL,20.8
17343,23K697_2016,TEACHERS PREPARATORY HIGH SCHOOL,64.8
17385,24Q236_2016,INTERNATIONAL HIGH SCHOOL FOR HEALTH SCIENCES,
17398,24Q264_2016,ACADEMY OF FINANCE AND ENTERPRISE,91.1
17441,24Q267_2016,HIGH SCHOOL OF APPLIED COMMUNICATION,79.6
17479,24Q293_2016,CIVIC LEADERSHIP ACADEMY,90.2
17507,24Q296_2016,PAN AMERICAN INTERNATIONAL HIGH SCHOOL,72.9
17544,24Q299_2016,BARD HIGH SCHOOL EARLY COLLEGE QUEENS,97.4
17585,24Q455_2016,NEWTOWN HIGH SCHOOL,66.0
17636,24Q485_2016,GROVER CLEVELAND HIGH SCHOOL,59.3
17689,24Q520_2016,MIDDLE COLLEGE HIGH SCHOOL AT LAGUARDIA COMMUNITY,78.6
17741,24Q530_2016,INTERNATIONAL HIGH SCHOOL AT LAGUARDIA COMMUNITY C,85.6
17793,24Q550_2016,HIGH SCHOOL FOR ARTS AND BUSINESS,88.9
17845,24Q560_2016,ROBERT F WAGNER JR SECONDARY SCHOOL FOR ARTS AND T,86.5
17891,24Q585_2016,MASPETH HIGH SCHOOL,99.2
17909,24Q600_2016,QUEENS VOCATIONAL AND TECHNICAL HIGH SCHOOL,81.1
17963,24Q610_2016,AVIATION CAREER & TECHNICAL EDUCATION HIGH SCHOOL,89.3
18015,24Q744_2016,VOYAGES PREPARATORY,4.6
18050,25Q240_2016,VERITAS ACADEMY,
18060,25Q252_2016,QUEENS SCHOOL OF INQUIRY THE,97.3
18089,25Q263_2016,FLUSHING INTERNATIONAL HIGH SCHOOL,70.2
18132,25Q281_2016,EASTWEST SCHOOL OF INTERNATIONAL STUDIES,96.5
18172,25Q285_2016,WORLD JOURNALISM PREPARATORY: A COLLEGE BOARD SCHO,89.2
18212,25Q425_2016,JOHN BOWNE HIGH SCHOOL,69.7
18264,25Q460_2016,FLUSHING HIGH SCHOOL,56.2
18316,25Q525_2016,TOWNSEND HARRIS HIGH SCHOOL,100.0
18365,25Q540_2016,QUEENS ACADEMY HIGH SCHOOL,13.0
18417,25Q670_2016,ROBERT F KENNEDY COMMUNITY HIGH SCHOOL,82.4
18469,25Q792_2016,NORTH QUEENS COMMUNITY HIGH SCHOOL,4.2
18519,26Q415_2016,BENJAMIN N CARDOZO HIGH SCHOOL,87.1
18571,26Q430_2016,FRANCIS LEWIS HIGH SCHOOL,82.6
18623,26Q435_2016,MARTIN VAN BUREN HIGH SCHOOL,63.2
18676,26Q495_2016,BAYSIDE HIGH SCHOOL,92.8
18729,26Q566_2016,QUEENS HIGH SCHOOL OF TEACHING LIBERAL ARTS AND TH,89.4
18778,27Q260_2016,FREDERICK DOUGLASS ACADEMY VI HIGH SCHOOL,60.4
18819,27Q261_2016,VOYAGES PREP  SOUTH QUEENS,19.2
18844,27Q262_2016,CHANNEL VIEW SCHOOL FOR RESEARCH,91.1
18886,27Q302_2016,QUEENS HIGH SCHOOL FOR INFORMATION RESEARCH AND TE,67.1
18920,27Q308_2016,ROBERT H GODDARD HIGH SCHOOL OF COMMUNICATION ARTS,88.1
18946,27Q309_2016,ACADEMY OF MEDICAL TECHNOLOGY: A COLLEGE BOARD SCH,65.6
18973,27Q323_2016,SCHOLARS' ACADEMY,100.0
19000,27Q324_2016,ROCKAWAY PARK HIGH SCHOOL FOR ENVIRONMENTAL SUSTAI,62.1
19026,27Q351_2016,ROCKAWAY COLLEGIATE HIGH SCHOOL,61.4
19048,27Q400_2016,AUGUST MARTIN HIGH SCHOOL,28.8
19168,27Q475_2016,RICHMOND HILL HIGH SCHOOL,59.1
19220,27Q480_2016,JOHN ADAMS HIGH SCHOOL,61.8
19271,27Q650_2016,HIGH SCHOOL FOR CONSTRUCTION TRADES ENGINEERING AN,94.5
19301,28Q167_2016,METROPOLITAN EXPEDITIONARY LEARNING SCHOOL,100.0
19310,28Q284_2016,YORK EARLY COLLEGE ACADEMY,93.8
19333,28Q310_2016,QUEENS COLLEGIATE: A COLLEGE BOARD SCHOOL,75.3
19364,28Q325_2016,HILLSIDE ARTS & LETTERS ACADEMY,78.5
19382,28Q328_2016,HIGH SCHOOL FOR COMMUNITY LEADERSHIP,83.0
19406,28Q338_2016,QUEENS SATELLITE HIGH SCHOOL FOR OPPORTUNITY,2.1
19441,28Q350_2016,JAMAICA GATEWAY TO THE SCIENCES,88.6
19470,28Q440_2016,FOREST HILLS HIGH SCHOOL,83.9
19562,28Q505_2016,HILLCREST HIGH SCHOOL,66.7
19614,28Q620_2016,THOMAS A EDISON CAREER AND TECHNICAL EDUCATION HIG,90.0
19666,28Q680_2016,QUEENS GATEWAY TO HEALTH SCIENCES SECONDARY SCHOOL,94.4
19715,28Q686_2016,QUEENS METROPOLITAN HIGH SCHOOL,90.4
19745,28Q687_2016,QUEENS HIGH SCHOOL FOR THE SCIENCES AT YORK COLLEG,98.1
19793,28Q690_2016,HIGH SCHOOL FOR LAW ENFORCEMENT AND PUBLIC SAFETY,80.3
19841,28Q896_2016,YOUNG WOMEN'S LEADERSHIP SCHOOL QUEENS,96.9
19866,29Q243_2016,INSTITUTE FOR HEALTH PROFESSIONS AT CAMBRIA HEIGHT,
19881,29Q248_2016,QUEENS PREPARATORY ACADEMY,70.7
19926,29Q259_2016,PATHWAYS COLLEGE PREPARATORY SCHOOL: A COLLEGE BOA,71.4
19969,29Q265_2016,EXCELSIOR PREPARATORY HIGH SCHOOL,76.1
20015,29Q272_2016,GEORGE WASHINGTON CARVER HIGH SCHOOL FOR THE SCIEN,84.0
20067,29Q283_2016,PREPARATORY ACADEMY FOR WRITERS: A COLLEGE BOARD S,79.6
20108,29Q326_2016,CAMBRIA HEIGHTS ACADEMY,68.3
20156,29Q492_2016,MATHEMATICS SCIENCE RESEARCH AND TECHNOLOGY MAGNET,67.9
20206,29Q494_2016,LAW GOVERNMENT AND COMMUNITY SERVICE HS,78.7
20256,29Q496_2016,BUSINESS COMPUTER APPLICATIONS & ENTREPRENEURSHIP,67.5
20308,29Q498_2016,HUMANITIES & ARTS MAGNET HIGH SCHOOL,79.8
20358,30Q286_2016,YOUNG WOMEN'S LEADERSHIP SCHOOL ASTORIA,96.1
20380,30Q301_2016,ACADEMY FOR CAREERS IN TELEVISION AND FILM,96.9
20409,30Q445_2016,WILLIAM CULLEN BRYANT HIGH SCHOOL,67.5
20461,30Q450_2016,LONG ISLAND CITY HIGH SCHOOL,60.5
20513,30Q501_2016,FRANK SINATRA SCHOOL OF THE ARTS HS,96.5
20565,30Q502_2016,INFORMATION TECHNOLOGY HIGH SCHOOL,70.8
20617,30Q555_2016,NEWCOMERS HIGH SCHOOL,74.4
20669,30Q575_2016,ACADEMY OF AMERICAN STUDIES,89.2
20721,30Q580_2016,BACCALAUREATE SCHOOL FOR GLOBAL EDUCATION,100.0
20770,31R047_2016,CSI HIGH SCHOOL FOR INTERNATIONAL STUDIES,100.0
20808,31R064_2016,GAYNOR MCCOWN EXPEDITIONARY LEARNING SCHOOL,90.3
20838,31R080_2016,THE MICHAEL J PETRIDES SCHOOL,89.9
20890,31R440_2016,NEW DORP HIGH SCHOOL,78.2
20942,31R445_2016,PORT RICHMOND HIGH SCHOOL,58.2
20994,31R450_2016,CURTIS HIGH SCHOOL,73.2
21046,31R455_2016,TOTTENVILLE HIGH SCHOOL,86.0
21098,31R460_2016,SUSAN E WAGNER HIGH SCHOOL,83.2
21149,31R470_2016,CONCORD HIGH SCHOOL,20.4
21201,31R600_2016,RALPH R MCKEE CAREER AND TECHNICAL EDUCATION HIGH,67.1
21253,31R605_2016,STATEN ISLAND TECHNICAL HIGH SCHOOL,99.7
21300,32K168_2016,THE BROOKLYN SCHOOL FOR MATH AND RESEARCH,77.6
21324,32K403_2016,ACADEMY FOR ENVIRONMENTAL LEADERSHIP,70.0
21376,32K545_2016,EBC HIGH SCHOOL FOR PUBLIC SERVICE  BUSHWICK,70.2
21428,32K549_2016,THE BROOKLYN SCHOOL FOR SOCIAL JUSTICE,68.7
21477,32K552_2016,THE ACADEMY OF URBAN PLANNING AND ENGINEERING,68.0
21531,32K554_2016,ALL CITY LEADERSHIP SECONDARY SCHOOL,100.0
21578,32K556_2016,BUSHWICK LEADERS HIGH SCHOOL FOR ACADEMIC EXCELLEN,74.3
21627,32K564_2016,BUSHWICK COMMUNITY HIGH SCHOOL,19.0
9,01M292_2017,ORCHARD COLLEGIATE ACADEMY,66.7
56,01M448_2017,UNIVERSITY NEIGHBORHOOD HIGH SCHOOL,89.7
108,01M450_2017,EAST SIDE COMMUNITY SCHOOL,89.9
158,01M458_2017,FORSYTH SATELLITE ACADEMY,14.9
195,01M509_2017,MARTA VALLE HIGH SCHOOL,66.1
247,01M515_2017,LOWER EAST SIDE PREPARATORY HIGH SCHOOL,35.8
299,01M539_2017,NEW EXPLORATIONS INTO SCIENCE TECHNOLOGY AND MATH,92.9
352,01M650_2017,CASCADES HIGH SCHOOL,23.6
404,01M696_2017,BARD HIGH SCHOOL EARLY COLLEGE,94.7
456,02M047_2017,47 THE AMERICAN SIGN LANGUAGE AND ENGLISH SECONDAR,91.4
501,02M135_2017,THE URBAN ASSEMBLY SCHOOL FOR EMERGENCY MANAGEMENT,67.0
506,02M139_2017,STEPHEN T MATHER BUILDING ARTS & CRAFTSMANSHIP HIG,82.7
511,02M282_2017,URBAN ASSEMBLY MAKER ACADEMY,
521,02M288_2017,FOOD AND FINANCE HIGH SCHOOL,88.4
574,02M294_2017,ESSEX STREET ACADEMY,82.5
622,02M296_2017,HIGH SCHOOL OF HOSPITALITY MANAGEMENT,58.8
662,12X278_2017,PEACE AND DIVERSITY ACADEMY,0.0
670,02M298_2017,PACE HIGH SCHOOL,79.3
719,02M300_2017,URBAN ASSEMBLY SCHOOL OF DESIGN AND CONSTRUCTION T,57.6
769,02M303_2017,FACING HISTORY SCHOOL THE,66.3
812,02M305_2017,URBAN ASSEMBLY ACADEMY OF GOVERNMENT AND LAW THE,77.6
855,02M308_2017,LOWER MANHATTAN ARTS ACADEMY,76.6
899,02M313_2017,JAMES BALDWIN SCHOOL THE: A SCHOOL FOR EXPEDITIONA,36.8
949,02M316_2017,URBAN ASSEMBLY SCHOOL OF BUSINESS FOR YOUNG WOMEN,71.2
995,02M374_2017,GRAMERCY ARTS HIGH SCHOOL,77.3
1034,02M376_2017,NYC ISCHOOL,98.1
1058,02M392_2017,MANHATTAN BUSINESS ACADEMY,84.6
1083,02M393_2017,BUSINESS OF SPORTS SCHOOL,78.1
1110,02M394_2017,EMMA LAZARUS HIGH SCHOOL,45.4
1147,02M399_2017,THE HIGH SCHOOL FOR LANGUAGE AND DIPLOMACY,80.0
1176,02M400_2017,HIGH SCHOOL FOR ENVIRONMENTAL STUDIES,76.7
1228,02M407_2017,INSTITUTE FOR COLLABORATIVE EDUCATION,81.7
1279,02M408_2017,PROFESSIONAL PERFORMING ARTS HIGH SCHOOL,91.8
1332,02M411_2017,BARUCH COLLEGE CAMPUS HIGH SCHOOL,100.0
1384,02M412_2017,NYC LAB SCHOOL FOR COLLABORATIVE STUDIES,96.7
1436,02M413_2017,SCHOOL OF THE FUTURE HIGH SCHOOL,98.0
1488,02M414_2017,NYC MUSEUM SCHOOL,100.0
1540,02M416_2017,ELEANOR ROOSEVELT HIGH SCHOOL,98.6
1593,02M418_2017,MILLENNIUM HIGH SCHOOL,99.3
1641,02M419_2017,LANDMARK HIGH SCHOOL,60.0
1693,02M420_2017,HIGH SCHOOL FOR HEALTH PROFESSIONS AND HUMAN SERVI,87.9
1740,02M422_2017,QUEST TO LEARN,82.1
1757,02M425_2017,LEADERSHIP AND PUBLIC SERVICE HIGH SCHOOL,66.0
1805,02M427_2017,MANHATTAN ACADEMY FOR ARTS & LANGUAGE,50.0
1875,02M432_2017,MURRAY HILL ACADEMY,79.7
1895,02M437_2017,HUDSON HIGH SCHOOL OF LEARNING TECHNOLOGIES,65.3
1917,02M438_2017,INTERNATIONAL HIGH SCHOOL AT UNION SQUARE,59.0
1946,02M439_2017,MANHATTAN VILLAGE ACADEMY,96.6
2045,02M449_2017,VANGUARD HIGH SCHOOL,72.4
2097,02M459_2017,MANHATTAN INTERNATIONAL HIGH SCHOOL,72.2
2196,02M475_2017,STUYVESANT HIGH SCHOOL,96.3
2248,02M489_2017,HIGH SCHOOL OF ECONOMICS AND FINANCE,86.1
2300,02M500_2017,UNITY CENTER FOR URBAN TECHNOLOGIES,76.7
2347,02M507_2017,URBAN ASSEMBLY GATEWAY SCHOOL FOR TECHNOLOGY,82.7
2372,02M519_2017,TALENT UNLIMITED HIGH SCHOOL,96.8
2424,02M520_2017,MURRY BERGTRAUM HIGH SCHOOL FOR BUSINESS CAREERS,53.7
2476,02M529_2017,JACQUELINE KENNEDY ONASSIS HIGH SCHOOL,58.4
2528,02M531_2017,REPERTORY COMPANY HIGH SCHOOL FOR THEATRE ARTS,94.4
2575,02M533_2017,UNION SQUARE ACADEMY FOR HEALTH SCIENCES,76.9
2587,02M534_2017,HARVEST COLLEGIATE HIGH SCHOOL,86.5
2618,02M542_2017,MANHATTAN BRIDGES HIGH SCHOOL,81.3
2667,02M543_2017,NEW DESIGN HIGH SCHOOL,91.5
2719,02M544_2017,INDEPENDENCE HIGH SCHOOL,17.8
2772,02M545_2017,HIGH SCHOOL FOR DUAL LANGUAGE AND ASIAN STUDIES,100.0
2811,02M546_2017,ACADEMY FOR SOFTWARE ENGINEERING,83.3
2824,02M550_2017,LIBERTY HIGH SCHOOL ACADEMY FOR NEWCOMERS,29.5
2876,02M551_2017,URBAN ASSEMBLY NEW YORK HARBOR SCHOOL,77.4
2925,02M560_2017,HIGH SCHOOL M560  CITY AS SCHOOL,31.3
2977,02M565_2017,URBAN ACADEMY LABORATORY HIGH SCHOOL,48.8
3028,02M570_2017,SATELLITE ACADEMY HIGH SCHOOL,13.7
3080,02M575_2017,MANHATTAN COMPREHENSIVE NIGHT AND DAY HIGH SCHOOL,11.4
3132,02M580_2017,RICHARD R GREEN HIGH SCHOOL OF TEACHING,62.1
3184,02M586_2017,HARVEY MILK HIGH SCHOOL,13.8
3236,02M600_2017,THE HIGH SCHOOL OF FASHION INDUSTRIES,89.1
3288,02M605_2017,HUMANITIES PREPARATORY ACADEMY,71.7
3341,02M615_2017,CHELSEA CAREER AND TECHNICAL EDUCATION HIGH SCHOOL,71.7
3490,02M630_2017,ART AND DESIGN HIGH SCHOOL,81.0
3542,02M655_2017,LIFE SCIENCES SECONDARY SCHOOL,48.4
3626,03M479_2017,BEACON HIGH SCHOOL,99.6
3661,03M299_2017,THE MAXINE GREENE HS FOR IMAGINATIVE INQUIRY,67.0
3704,03M307_2017,URBAN ASSEMBLY SCHOOL FOR MEDIA STUDIES THE,77.1
3747,03M402_2017,THE URBAN ASSEMBLY SCHOOL FOR GREEN CAREERS,79.3
3770,03M403_2017,THE GLOBAL LEARNING COLLABORATIVE,69.5
3799,03M404_2017,INNOVATION DIPLOMA PLUS,9.2
3839,03M415_2017,WADLEIGH SECONDARY SCHOOL FOR THE PERFORMING & VIS,72.5
3887,03M417_2017,FRANK MCCOURT HIGH SCHOOL,95.4
3990,03M485_2017,FIORELLO H LAGUARDIA HIGH SCHOOL OF MUSIC & ART AN,96.1
4052,03M492_2017,HIGH SCHOOL FOR LAW ADVOCACY AND COMMUNITY JUSTICE,69.7
4101,03M494_2017,HIGH SCHOOL OF ARTS AND TECHNOLOGY,70.2
4153,03M505_2017,EDWARD A REYNOLDS WEST SIDE HIGH SCHOOL,17.8
4205,03M541_2017,MANHATTAN / HUNTER SCIENCE HIGH SCHOOL,100.0
4243,03M859_2017,SPECIAL MUSIC SCHOOL,98.0
4253,03M860_2017,FREDERICK DOUGLASS ACADEMY II SECONDARY SCHOOL,68.4
4298,04M372_2017,ESPERANZA PREPARATORY ACADEMY,72.5
4320,04M409_2017,COALITION SCHOOL FOR SOCIAL CHANGE,67.9
4371,04M435_2017,MANHATTAN CENTER FOR SCIENCE AND MATHEMATICS,94.8
4424,04M495_2017,PARK EAST HIGH SCHOOL,95.5
4476,04M555_2017,CENTRAL PARK EAST HIGH SCHOOL,97.3
4528,04M610_2017,YOUNG WOMEN'S LEADERSHIP SCHOOL,100.0
4622,04M680_2017,HERITAGE SCHOOL THE,63.6
4689,05M157_2017,THE URBAN ASSEMBLY SCHOOL FOR GLOBAL COMMERCE,67.2
4706,05M285_2017,HARLEM RENAISSANCE HIGH SCHOOL,7.4
4759,05M304_2017,MOTT HALL HIGH SCHOOL,63.8
4803,05M362_2017,COLUMBIA SECONDARY SCHOOL,96.7
4821,05M367_2017,ACADEMY FOR SOCIAL ACTION,34.2
4854,05M369_2017,URBAN ASSEMBLY SCHOOL FOR THE PERFORMING ARTS,71.4
4944,05M499_2017,FREDERICK DOUGLASS ACADEMY,75.8
4996,05M670_2017,THURGOOD MARSHALL ACADEMY FOR LEARNING AND SOCIAL,81.2
5099,05M692_2017,HIGH SCHOOL FOR MATHEMATICS SCIENCE AND ENGINEERIN,98.1
5146,06M293_2017,CITY COLLEGE ACADEMY OF THE ARTS,94.9
5177,06M346_2017,COMMUNITY HEALTH ACADEMY OF THE HEIGHTS,77.8
5207,06M348_2017,WASHINGTON HEIGHTS EXPEDITIONARY LEARNING SCHOOL,72.2
5235,06M423_2017,HIGH SCHOOL FOR EXCELLENCE AND INNOVATION,29.8
5265,06M462_2017,THE COLLEGE ACADEMY,50.5
5317,06M463_2017,HIGH SCHOOL FOR MEDIA AND COMMUNICATIONS,46.2
5370,06M467_2017,HIGH SCHOOL FOR LAW AND PUBLIC SERVICE,70.9
5422,06M468_2017,HIGH SCHOOL FOR HEALTH CAREERS AND SCIENCES,57.5
5474,06M540_2017,A PHILIP RANDOLPH CAMPUS HIGH SCHOOL,70.4
5526,06M552_2017,GREGORIO LUPERON HIGH SCHOOL FOR SCIENCE AND MATHE,59.8
5579,07X221_2017,SOUTH BRONX PREPARATORY: A COLLEGE BOARD SCHOOL,92.3
5620,07X223_2017,THE LABORATORY SCHOOL OF FINANCE AND TECHNOLOGY: X,81.1
5632,07X259_2017,HERO HIGH HEALTH EDUCATION AND RESEARCH OCCUPATION,61.5
5646,07X334_2017,INTERNATIONAL COMMUNITY HIGH SCHOOL,61.1
5681,07X379_2017,JILL CHAIFETZ TRANSFER HIGH SCHOOL,12.2
5729,07X381_2017,BRONX HAVEN HS,3.8
5773,07X427_2017,COMMUNITY SCHOOL FOR SOCIAL JUSTICE,58.3
5830,07X473_2017,MOTT HAVEN VILLAGE PREPARATORY HIGH SCHOOL,50.5
5882,07X495_2017,UNIVERSITY HEIGHTS SECONDARY SCHOOL,98.3
5934,07X500_2017,HOSTOSLINCOLN ACADEMY OF SCIENCE,76.7
5943,07X547_2017,NEW EXPLORERS HIGH SCHOOL,46.0
5988,07X520_2017,FOREIGN LANGUAGE ACADEMY OF GLOBAL STUDIES,
6036,07X522_2017,BRONX DESIGN AND CONSTRUCTION ACADEMY,50.7
6061,07X527_2017,BRONX LEADERSHIP ACADEMY II HS,71.0
6162,07X548_2017,CAREERS IN SPORTS HIGH SCHOOL,67.9
6214,07X551_2017,THE URBAN ASSEMBLY BRONX ACADEMY OF LETTERS,79.5
6259,07X557_2017,MOTT HAVEN COMMUNITY HIGH SCHOOL,13.7
6288,07X600_2017,ALFRED E SMITH CAREER AND TECHNICAL EDUCATION HIGH,75.9
6387,07X670_2017,HEALTH OPPORTUNITIES HIGH SCHOOL,49.3
6437,08X269_2017,BRONX STUDIO SCHOOL FOR WRITERS AND ARTISTS,60.0
6465,08X282_2017,WOMEN'S ACADEMY OF EXCELLENCE,67.2
6508,08X293_2017,RENAISSANCE HIGH SCHOOL FOR MUSICAL THEATER & TECH,66.7
6607,08X305_2017,PABLO NERUDA ACADEMY,48.6
6657,08X312_2017,MILLENNIUM ART ACADEMY,70.0
6699,08X320_2017,PELHAM LAB HIGH SCHOOL,67.3
6716,08X332_2017,HOLCOMBE L RUCKER SCHOOL OF COMMUNITY RESEARCH,51.6
6751,08X348_2017,SCHUYLERVILLE PREPARATORY HIGH SCHOOL,62.3
6758,08X349_2017,BRONX RIVER HIGH SCHOOL,67.0
6767,08X367_2017,ARCHIMEDES ACADEMY FOR MATH SCIENCE AND TECHNOLOGY,56.8
6791,08X376_2017,ANTONIA PANTOJA PREPARATORY ACADEMY: A COLLEGE BOA,61.8
6795,08X377_2017,BRONX COMMUNITY HIGH SCHOOL,10.4
6864,08X405_2017,HERBERT H LEHMAN HIGH SCHOOL,56.0
6911,08X432_2017,BRONX BRIDGES HIGH SCHOOL,46.6
6953,08X452_2017,GOTHAM COLLABORATIVE HIGH SCHOOL,61.9
7005,08X519_2017,FELISA RINCON DE GAUTIER INSTITUTE FOR LAW AND PUB,36.3
7054,08X530_2017,LONGWOOD PREPARATORY ACADEMY,46.2
7103,08X537_2017,BRONX ARENA HIGH SCHOOL,10.0
7170,08X558_2017,WESTCHESTER SQUARE ACADEMY,71.3
7181,08X559_2017,SCHOOL FOR TOURISM AND HOSPITALITY,53.4
7239,08X561_2017,BRONX COMPASS HIGH SCHOOL,46.7
7325,09X227_2017,BRONX COLLEGIATE ACADEMY,63.4
7375,09X231_2017,EAGLE ACADEMY FOR YOUNG MEN,63.0
7457,09X241_2017,URBAN ASSEMBLY SCHOOL FOR APPLIED MATH AND SCIENCE,85.3
7490,09X250_2017,EXIMIUS COLLEGE PREPARATORY ACADEMY: A COLLEGE BOA,84.8
7536,09X252_2017,MOTT HALL BRONX HIGH SCHOOL,78.6
7579,09X260_2017,BRONX CENTER FOR SCIENCE AND MATHEMATICS,88.4
7622,09X263_2017,VALIDUS PREPARATORY ACADEMY,55.7
7665,09X276_2017,LEADERSHIP INSTITUTE,36.2
7709,09X297_2017,MORRIS ACADEMY FOR COLLABORATIVE STUDIES,69.7
7757,09X324_2017,BRONX EARLY COLLEGE ACADEMY FOR TEACHING & LEARNIN,77.2
7776,09X327_2017,COMPREHENSIVE MODEL SCHOOL PROJECT MS 327,83.0
7794,09X329_2017,DREAMYARD PREPARATORY SCHOOL,64.1
7831,09X350_2017,NEW DIRECTIONS SECONDARY SCHOOL,
7842,09X365_2017,ACADEMY FOR LANGUAGE AND TECHNOLOGY,96.1
7875,09X403_2017,BRONX INTERNATIONAL HIGH SCHOOL,77.8
7927,09X404_2017,SCHOOL FOR EXCELLENCE,51.6
7979,09X412_2017,BRONX HIGH SCHOOL OF BUSINESS,57.4
8031,09X413_2017,BRONX HIGH SCHOOL FOR MEDICAL SCIENCE,89.4
8130,09X505_2017,BRONX SCHOOL FOR LAW GOVERNMENT AND JUSTICE,79.8
8182,09X517_2017,FREDERICK DOUGLASS ACADEMY III SECONDARY SCHOOL,62.5
8229,09X525_2017,BRONX LEADERSHIP ACADEMY HIGH SCHOOL,53.8
8281,09X543_2017,HIGH SCHOOL FOR VIOLIN AND DANCE,65.8
8324,09X564_2017,CLAREMONT INTERNATIONAL HS,55.8
8342,10X141_2017,RIVERDALE / KINGSBRIDGE ACADEMY MIDDLE SCHOOL / HI,89.8
8393,10X213_2017,BRONX ENGINEERING AND TECHNOLOGY ACADEMY,73.8
8439,10X225_2017,THEATRE ARTS PRODUCTION COMPANY SCHOOL,72.9
8479,10X237_2017,THE MARIE CURIE SCHOOL FOR MEDICINE NURSING AND HE,55.1
8523,10X243_2017,WEST BRONX ACADEMY FOR THE FUTURE,85.7
8568,10X264_2017,BRONX ACADEMY FOR SOFTWARE ENGINEERING BASE,74.0
8581,10X268_2017,KINGSBRIDGE INTERNATIONAL HIGH SCHOOL,54.0
8623,10X284_2017,BRONX SCHOOL OF LAW AND FINANCE,73.3
8675,10X319_2017,PROVIDING URBAN LEARNERS SUCCESS IN EDUCATION HIGH,8.2
8727,10X342_2017,INTERNATIONAL SCHOOL FOR LIBERAL ARTS,69.5
8765,10X351_2017,BRONX COLLABORATIVE HIGH SCHOOL,22.9
8777,10X353_2017,WORLD VIEW HIGH SCHOOL,85.7
8789,10X368_2017,INTECH ACADEMY MS / HIGH SCHOOL 368,84.7
8835,10X374_2017,KNOWLEDGE AND POWER PREPARATORY ACADEMY INTERNATIO,90.9
8874,10X397_2017,ENGLISH LANGUAGE LEARNERS AND INTERNATIONAL SUPPOR,21.2
8937,10X433_2017,HIGH SCHOOL FOR TEACHING AND THE PROFESSIONS,78.6
8989,10X434_2017,BELMONT PREPARATORY HIGH SCHOOL,87.8
9053,10X437_2017,FORDHAM HIGH SCHOOL FOR THE ARTS,92.1
9102,10X438_2017,FORDHAM LEADERSHIP ACADEMY,65.2
9153,10X439_2017,BRONX HIGH SCHOOL FOR LAW AND COMMUNITY SERVICE,84.3
9205,10X440_2017,DEWITT CLINTON HIGH SCHOOL,45.7
9257,10X442_2017,CELIA CRUZ BRONX HIGH SCHOOL OF MUSIC THE,94.0
9303,10X445_2017,BRONX HIGH SCHOOL OF SCIENCE,99.7
9391,10X477_2017,MARBLE HILL HIGH SCHOOL FOR INTERNATIONAL STUDIES,89.4
9438,10X524_2017,CROTONA INTERNATIONAL HIGH SCHOOL,59.0
9460,10X546_2017,BRONX THEATRE HIGH SCHOOL,60.5
9509,10X549_2017,DISCOVERY HIGH SCHOOL,73.8
9552,10X565_2017,HIGH SCHOOL FOR ENERGY AND TECHNOLOGY,61.5
9614,10X696_2017,HIGH SCHOOL OF AMERICAN STUDIES AT LEHMAN COLLEGE,98.7
9663,11X249_2017,BRONX HEALTH SCIENCES HIGH SCHOOL,94.5
9706,11X253_2017,BRONX HIGH SCHOOL FOR WRITING AND COMMUNICATION AR,64.6
9755,11X265_2017,BRONX LAB SCHOOL,54.8
9802,11X270_2017,ACADEMY FOR SCHOLARSHIP AND ENTREPRENEURSHIP,59.4
9845,11X275_2017,HIGH SCHOOL OF COMPUTERS AND TECHNOLOGY,57.0
9897,11X288_2017,COLLEGIATE INSTITUTE FOR MATH AND SCIENCE,88.0
9946,11X290_2017,BRONX ACADEMY OF HEALTH CAREERS,75.0
9998,11X299_2017,ASTOR COLLEGIATE ACADEMY,75.4
10088,11X418_2017,BRONX HIGH SCHOOL FOR THE VISUAL ARTS,61.6
10161,11X455_2017,HARRY S TRUMAN HIGH SCHOOL,74.1
10209,11X508_2017,BRONXDALE HIGH SCHOOL,76.9
10229,11X509_2017,HIGH SCHOOL OF LANGUAGE AND INNOVATION,66.7
10249,11X513_2017,NEW WORLD HIGH SCHOOL,84.1
10295,11X514_2017,THE BRONXWOOD PREPARATORY ACADEMY,59.6
10382,11X542_2017,PELHAM PREPARATORY ACADEMY,89.4
10435,11X544_2017,HIGH SCHOOL FOR CONTEMPORARY ARTS,70.7
10486,11X545_2017,BRONX AEROSPACE HIGH SCHOOL,64.8
10534,12X242_2017,MOTT HALL V,79.5
10592,12X248_2017,METROPOLITAN HIGH SCHOOL THE,45.1
10638,12X251_2017,EXPLORATIONS ACADEMY HS,65.8
10718,12X267_2017,BRONX LATIN,95.8
10755,12X271_2017,EAST BRONX ACADEMY FOR THE FUTURE,76.3
10849,12X321_2017,CROTONA ACADEMY HIGH SCHOOL,
10897,12X372_2017,URBAN ASSEMBLY SCHOOL FOR WILDLIFE CONSERVATION,68.1
10921,12X388_2017,PAN AMERICAN INTERNATIONAL HIGH SCHOOL AT MONROE,73.1
10951,12X446_2017,ARTURO A SCHOMBURG SATELLITE ACADEMY BRONX,14.5
10984,12X478_2017,THE CINEMA SCHOOL,86.8
11006,12X479_2017,BRONX CAREER AND COLLEGE PREPARATORY HIGH SCHOOL,39.5
11035,12X480_2017,BRONX REGIONAL HIGH SCHOOL,7.7
11082,12X511_2017,BRONX ENVISION ACADEMY,64.8
11099,12X521_2017,THE METROPOLITAN SOUNDVIEW HIGH SCHOOL,60.4
11123,12X550_2017,HIGH SCHOOL OF WORLD CULTURES,38.5
11201,12X682_2017,FANNIE LOU HAMER FREEDOM HIGH SCHOOL,66.1
11253,12X684_2017,WINGS ACADEMY,46.7
11346,12X692_2017,MONROE ACADEMY FOR VISUAL ARTS & DESIGN,62.5
11398,13K265_2017,DR SUSAN S MCKINNEY SECONDARY SCHOOL OF THE ARTS,63.6
11465,13K350_2017,URBAN ASSEMBLY SCHOOL FOR MUSIC AND ART,75.5
11507,13K412_2017,BROOKLYN COMMUNITY ARTS & MEDIA HIGH SCHOOL BCAM,69.7
11548,13K419_2017,SCIENCE SKILLS CENTER HIGH SCHOOL FOR SCIENCE TECH,74.1
11600,13K430_2017,BROOKLYN TECHNICAL HIGH SCHOOL,95.5
11652,13K439_2017,BROOKLYN INTERNATIONAL HIGH SCHOOL,77.7
11704,13K483_2017,THE URBAN ASSEMBLY SCHOOL FOR LAW AND JUSTICE,90.0
11750,13K499_2017,ACORN COMMUNITY HIGH SCHOOL,76.1
11844,13K527_2017,URBAN ASSEMBLY INSTITUTE OF MATH AND SCIENCE FOR Y,76.8
11872,13K553_2017,BROOKLYN ACADEMY HIGH SCHOOL,24.1
11924,13K575_2017,BEDFORD STUYVESANT PREPARATORY HIGH SCHOOL,11.1
11976,13K595_2017,BEDFORD ACADEMY HIGH SCHOOL,97.6
12025,13K605_2017,GEORGE WESTINGHOUSE CAREER AND TECHNICAL EDUCATION,71.4
12077,13K616_2017,BROOKLYN HIGH SCHOOL FOR LEADERSHIP AND COMMUNITY,9.1
12119,13K670_2017,BENJAMIN BANNEKER ACADEMY,87.6
12167,13K674_2017,CITY POLYTECHNIC HIGH SCHOOL OF ENGINEERING ARCHIT,82.6
12195,14K071_2017,JUAN MOREL CAMPOS SECONDARY SCHOOL,64.9
12247,14K322_2017,FOUNDATIONS ACADEMY,0.0
12292,14K449_2017,BROOKLYN LATIN SCHOOL THE,98.8
12325,14K454_2017,THE WILLIAMSBURG HIGH SCHOOL OF ART AND TECHNOLOGY,60.7
12368,14K474_2017,PROGRESS HIGH SCHOOL FOR PROFESSIONAL CAREERS,67.3
12421,14K477_2017,EAST WILLIAMSBURG SCHOLARS ACADEMY,53.6
12473,14K478_2017,THE HIGH SCHOOL FOR ENTERPRISE BUSINESS AND TECHNO,69.2
12526,14K488_2017,BROOKLYN PREPARATORY HIGH SCHOOL,89.8
12570,14K558_2017,WILLIAMSBURG HIGH SCHOOL FOR ARCHITECTURE AND DESI,95.4
12620,14K561_2017,WILLIAMSBURG PREPARATORY SCHOOL,94.0
12665,14K586_2017,LYONS COMMUNITY SCHOOL,64.2
12702,14K610_2017,AUTOMOTIVE HIGH SCHOOL,73.8
12748,14K614_2017,YOUNG WOMEN'S LEADERSHIP SCHOOL OF BROOKLYN,100.0
12763,14K632_2017,FRANCES PERKINS ACADEMY,72.4
12811,14K685_2017,EL PUENTE ACADEMY FOR PEACE AND JUSTICE,56.1
12872,15K423_2017,BROOKLYN FRONTIERS HIGH SCHOOL,40.5
12889,15K429_2017,DIGITAL ARTS AND CINEMA TECHNOLOGY HIGH SCHOOL,70.6
12941,15K448_2017,BROOKLYN SECONDARY SCHOOL FOR COLLABORATIVE STUDIE,90.9
12990,15K462_2017,JOHN JAY SCHOOL FOR LAW,79.8
13042,15K463_2017,SECONDARY SCHOOL FOR JOURNALISM,61.5
13094,15K464_2017,PARK SLOPE COLLEGIATE,62.9
13145,15K497_2017,THE BOERUM HILL SCHOOL FOR INTERNATIONAL STUDIES,75.0
13197,15K519_2017,COBBLE HILL SCHOOL OF AMERICAN STUDIES,74.1
13280,15K529_2017,WEST BROOKLYN COMMUNITY HIGH SCHOOL,9.3
13368,15K592_2017,KHALIL GIBRAN INTERNATIONAL ACADEMY,62.7
13393,15K656_2017,BROOKLYN HIGH SCHOOL OF THE ARTS,73.5
13444,15K667_2017,SUNSET PARK HIGH SCHOOL,76.8
13472,15K684_2017,MILLENNIUM BROOKLYN HS,97.6
13493,15K698_2017,SOUTH BROOKLYN COMMUNITY HIGH SCHOOL,6.6
13545,16K393_2017,FREDERICK DOUGLASS ACADEMY IV SECONDARY SCHOOL,59.1
13588,16K455_2017,BOYS AND GIRLS HIGH SCHOOL,61.5
13640,16K498_2017,BROOKLYN HS FOR LAW AND TECHNOLOGY,67.5
13691,16K594_2017,GOTHAM PROFESSIONAL ARTS ACADEMY,44.2
13722,16K669_2017,RESEARCH AND SERVICE HIGH SCHOOL,18.8
13745,16K688_2017,THE BROOKLYN ACADEMY OF GLOBAL FINANCE,65.7
13771,16K765_2017,NELSON MANDELA HIGH SCHOOL,
13778,17K122_2017,PATHWAYS IN TECHNOLOGY EARLY COLLEGE HIGH SCHOOL P,75.0
13795,17K382_2017,ACADEMY FOR COLLEGE PREPARATION AND CAREER EXPLORA,61.9
13835,17K408_2017,ACADEMY OF HOSPITALITY AND TOURISM,50.9
13937,17K489_2017,WEB DUBOIS ACADEMIC HIGH SCHOOL,7.3
13989,17K524_2017,INTERNATIONAL HIGH SCHOOL AT PROSPECT HEIGHTS,61.3
14039,17K528_2017,THE HIGH SCHOOL FOR GLOBAL CITIZENSHIP,54.2
14088,17K531_2017,SCHOOL FOR HUMAN RIGHTS THE,69.5
14137,17K533_2017,SCHOOL FOR DEMOCRACY AND LEADERSHIP,49.1
14183,17K537_2017,HIGH SCHOOL FOR YOUTH AND COMMUNITY DEVELOPMENT AT,72.2
14232,17K539_2017,HIGH SCHOOL FOR SERVICE & LEARNING AT ERASMUS,82.9
14282,17K543_2017,SCIENCE TECHNOLOGY AND RESEARCH EARLY COLLEGE HIGH,97.6
14377,17K546_2017,HIGH SCHOOL FOR PUBLIC SERVICE: HEROES OF TOMORROW,94.6
14423,17K547_2017,BROOKLYN ACADEMY OF SCIENCE AND THE ENVIRONMENT,68.0
14472,17K548_2017,BROOKLYN SCHOOL FOR MUSIC & THEATRE,69.5
14524,17K568_2017,BROWNSVILLE ACADEMY HIGH SCHOOL,21.3
14576,17K590_2017,MEDGAR EVERS COLLEGE PREPARATORY SCHOOL,96.2
14628,17K600_2017,CLARA BARTON HIGH SCHOOL,69.1
14720,17K745_2017,BROOKLYN INSTITUTE FOR LIBERAL ARTS,91.8
14734,17K751_2017,ACADEMY FOR HEALTH CAREERS,79.0
14842,18K563_2017,IT TAKES A VILLAGE ACADEMY,89.2
14882,18K566_2017,BROOKLYN GENERATION SCHOOL,59.3
14923,18K567_2017,BROOKLYN THEATRE ARTS HIGH SCHOOL,74.7
14958,18K569_2017,KURT HAHN EXPEDITIONARY LEARNING SCHOOL,82.9
14997,18K576_2017,VICTORY COLLEGIATE HIGH SCHOOL,71.9
15038,18K578_2017,BROOKLYN BRIDGE ACADEMY,21.0
15082,18K589_2017,ARTS & MEDIA PREPARATORY ACADEMY,57.6
15117,18K617_2017,HIGH SCHOOL FOR INNOVATION IN ADVERTISING AND MEDI,62.1
15150,18K629_2017,CULTURAL ACADEMY FOR THE ARTS AND SCIENCES,69.3
15184,18K633_2017,HIGH SCHOOL FOR MEDICAL PROFESSIONS,87.9
15213,18K635_2017,OLYMPUS ACADEMY,20.2
15253,18K637_2017,ACADEMY FOR CONSERVATION AND THE ENVIRONMENT,80.6
15284,18K642_2017,URBAN ACTION ACADEMY,49.4
15319,18K673_2017,EAST BROOKLYN COMMUNITY HIGH SCHOOL,30.0
15359,19K404_2017,ACADEMY FOR YOUNG WRITERS,83.1
15402,19K409_2017,EAST NEW YORK FAMILY ACADEMY,88.9
15502,19K502_2017,FDNY  CAPTAIN VERNON A RICHARDS HIGH SCHOOL FOR FI,69.6
15551,19K504_2017,HIGH SCHOOL FOR CIVIL RIGHTS,55.3
15600,19K507_2017,PERFORMING ARTS AND TECHNOLOGY HIGH SCHOOL,49.5
15649,19K510_2017,WORLD ACADEMY FOR TOTAL COMMUNITY HEALTH HIGH SCHO,60.6
15701,19K583_2017,MULTICULTURAL HIGH SCHOOL,62.0
15735,19K615_2017,TRANSIT TECH CAREER AND TECHNICAL EDUCATION HIGH S,63.8
15786,19K618_2017,ACADEMY OF INNOVATIVE TECHNOLOGY,71.6
15822,19K639_2017,BROOKLYN LAB SCHOOL,53.3
15855,19K659_2017,CYPRESS HILLS COLLEGIATE PREPARATORY SCHOOL,68.3
15897,19K660_2017,W H MAXWELL CAREER AND TECHNICAL EDUCATION HIGH SC,62.5
15947,19K683_2017,THE SCHOOL FOR CLASSICS: AN ACADEMY OF THINKERS WR,63.5
15973,19K764_2017,THE URBAN ASSEMBLY SCHOOL FOR COLLABORATIVE HEALTH,
15986,20K445_2017,NEW UTRECHT HIGH SCHOOL,77.2
16038,20K485_2017,HIGH SCHOOL OF TELECOMMUNICATION ARTS AND TECHNOLO,86.5
16090,20K490_2017,FORT HAMILTON HIGH SCHOOL,70.4
16142,20K505_2017,FRANKLIN DELANO ROOSEVELT HIGH SCHOOL,61.3
16192,20K609_2017,URBAN ASSEMBLY SCHOOL FOR CRIMINAL JUSTICE,92.9
16220,21K337_2017,INTERNATIONAL HS AT LAFAYETTE,63.0
16260,21K344_2017,RACHEL CARSON HIGH SCHOOL FOR COASTAL STUDIES,61.5
16306,21K348_2017,HIGH SCHOOL OF SPORTS MANAGEMENT,59.3
16370,21K410_2017,ABRAHAM LINCOLN HIGH SCHOOL,67.1
16418,21K468_2017,KINGSBOROUGH EARLY COLLEGE SCHOOL,95.0
16443,21K525_2017,EDWARD R MURROW HIGH SCHOOL,74.8
16495,21K540_2017,JOHN DEWEY HIGH SCHOOL,75.9
16546,21K559_2017,LIFE ACADEMY HIGH SCHOOL FOR FILM AND MUSIC,88.9
16584,21K572_2017,EXPEDITIONARY LEARNING SCHOOL FOR COMMUNITY LEADER,82.6
16627,21K620_2017,WILLIAM E GRADY CAREER AND TECHNICAL EDUCATION HIG,67.5
16679,21K690_2017,BROOKLYN STUDIO SECONDARY SCHOOL,82.2
16731,21K728_2017,LIBERATION DIPLOMA PLUS,14.9
16779,22K405_2017,MIDWOOD HIGH SCHOOL,87.9
16831,22K425_2017,JAMES MADISON HIGH SCHOOL,79.2
16933,22K535_2017,LEON M GOLDSTEIN HIGH SCHOOL FOR THE SCIENCES,94.1
16984,22K555_2017,BROOKLYN COLLEGE ACADEMY,97.2
17046,22K611_2017,ORIGINS HIGH SCHOOL,74.5
17054,22K630_2017,PROFESSIONAL PATHWAYS HIGH SCHOOL,21.0
17078,23K493_2017,BROOKLYN COLLEGIATE: A COLLEGE BOARD SCHOOL,59.5
17127,23K514_2017,FREDERICK DOUGLASS ACADEMY VII HIGH SCHOOL,65.9
17177,23K643_2017,BROOKLYN DEMOCRACY ACADEMY,15.6
17213,23K644_2017,EAGLE ACADEMY FOR YOUNG MEN II,65.3
17256,23K646_2017,ASPIRATIONS DIPLOMA PLUS HIGH SCHOOL,20.2
17299,23K647_2017,METROPOLITAN DIPLOMA PLUS HIGH SCHOOL,21.9
17342,23K697_2017,TEACHERS PREPARATORY HIGH SCHOOL,64.6
17384,24Q236_2017,INTERNATIONAL HIGH SCHOOL FOR HEALTH SCIENCES,58.6
17397,24Q264_2017,ACADEMY OF FINANCE AND ENTERPRISE,92.9
17440,24Q267_2017,HIGH SCHOOL OF APPLIED COMMUNICATION,80.2
17478,24Q293_2017,CIVIC LEADERSHIP ACADEMY,94.0
17506,24Q296_2017,PAN AMERICAN INTERNATIONAL HIGH SCHOOL,84.7
17543,24Q299_2017,BARD HIGH SCHOOL EARLY COLLEGE QUEENS,99.3
17584,24Q455_2017,NEWTOWN HIGH SCHOOL,63.2
17635,24Q485_2017,GROVER CLEVELAND HIGH SCHOOL,58.6
17688,24Q520_2017,MIDDLE COLLEGE HIGH SCHOOL AT LAGUARDIA COMMUNITY,66.1
17740,24Q530_2017,INTERNATIONAL HIGH SCHOOL AT LAGUARDIA COMMUNITY C,78.4
17792,24Q550_2017,HIGH SCHOOL FOR ARTS AND BUSINESS,89.6
17844,24Q560_2017,ROBERT F WAGNER JR SECONDARY SCHOOL FOR ARTS AND T,91.7
17890,24Q585_2017,MASPETH HIGH SCHOOL,97.7
17908,24Q600_2017,QUEENS VOCATIONAL AND TECHNICAL HIGH SCHOOL,81.0
17962,24Q610_2017,AVIATION CAREER & TECHNICAL EDUCATION HIGH SCHOOL,94.3
18014,24Q744_2017,VOYAGES PREPARATORY,13.2
18049,25Q240_2017,VERITAS ACADEMY,76.5
18052,25Q241_2017,QUEENS HIGH SCHOOL FOR LANGUAGE STUDIES,93.9
18059,25Q252_2017,QUEENS SCHOOL OF INQUIRY THE,92.2
18088,25Q263_2017,FLUSHING INTERNATIONAL HIGH SCHOOL,57.6
18131,25Q281_2017,EASTWEST SCHOOL OF INTERNATIONAL STUDIES,93.0
18171,25Q285_2017,WORLD JOURNALISM PREPARATORY: A COLLEGE BOARD SCHO,96.6
18211,25Q425_2017,JOHN BOWNE HIGH SCHOOL,69.8
18263,25Q460_2017,FLUSHING HIGH SCHOOL,57.5
18315,25Q525_2017,TOWNSEND HARRIS HIGH SCHOOL,99.2
18364,25Q540_2017,QUEENS ACADEMY HIGH SCHOOL,7.3
18416,25Q670_2017,ROBERT F KENNEDY COMMUNITY HIGH SCHOOL,74.6
18468,25Q792_2017,NORTH QUEENS COMMUNITY HIGH SCHOOL,8.4
18518,26Q415_2017,BENJAMIN N CARDOZO HIGH SCHOOL,88.1
18570,26Q430_2017,FRANCIS LEWIS HIGH SCHOOL,83.4
18622,26Q435_2017,MARTIN VAN BUREN HIGH SCHOOL,62.8
18675,26Q495_2017,BAYSIDE HIGH SCHOOL,95.9
18728,26Q566_2017,QUEENS HIGH SCHOOL OF TEACHING LIBERAL ARTS AND TH,91.1
18777,27Q260_2017,FREDERICK DOUGLASS ACADEMY VI HIGH SCHOOL,41.3
18818,27Q261_2017,VOYAGES PREP  SOUTH QUEENS,22.5
18843,27Q262_2017,CHANNEL VIEW SCHOOL FOR RESEARCH,91.1
18885,27Q302_2017,QUEENS HIGH SCHOOL FOR INFORMATION RESEARCH AND TE,79.2
18919,27Q308_2017,ROBERT H GODDARD HIGH SCHOOL OF COMMUNICATION ARTS,92.0
18945,27Q309_2017,ACADEMY OF MEDICAL TECHNOLOGY: A COLLEGE BOARD SCH,72.5
18972,27Q323_2017,SCHOLARS' ACADEMY,100.0
18999,27Q324_2017,ROCKAWAY PARK HIGH SCHOOL FOR ENVIRONMENTAL SUSTAI,70.6
19020,27Q334_2017,EPIC HIGH SCHOOL  NORTH,
19025,27Q351_2017,ROCKAWAY COLLEGIATE HIGH SCHOOL,63.4
19047,27Q400_2017,AUGUST MARTIN HIGH SCHOOL,60.2
19167,27Q475_2017,RICHMOND HILL HIGH SCHOOL,67.5
19219,27Q480_2017,JOHN ADAMS HIGH SCHOOL,66.9
19270,27Q650_2017,HIGH SCHOOL FOR CONSTRUCTION TRADES ENGINEERING AN,97.8
19300,28Q167_2017,METROPOLITAN EXPEDITIONARY LEARNING SCHOOL,97.0
19309,28Q284_2017,YORK EARLY COLLEGE ACADEMY,97.5
19332,28Q310_2017,QUEENS COLLEGIATE: A COLLEGE BOARD SCHOOL,88.0
19363,28Q325_2017,HILLSIDE ARTS & LETTERS ACADEMY,84.3
19381,28Q328_2017,HIGH SCHOOL FOR COMMUNITY LEADERSHIP,90.6
19405,28Q338_2017,QUEENS SATELLITE HIGH SCHOOL FOR OPPORTUNITY,1.4
19421,31R470_2017,CONCORD HIGH SCHOOL,13.9
19440,28Q350_2017,JAMAICA GATEWAY TO THE SCIENCES,82.8
19469,28Q440_2017,FOREST HILLS HIGH SCHOOL,82.4
19561,28Q505_2017,HILLCREST HIGH SCHOOL,69.3
19613,28Q620_2017,THOMAS A EDISON CAREER AND TECHNICAL EDUCATION HIG,86.4
19665,28Q680_2017,QUEENS GATEWAY TO HEALTH SCIENCES SECONDARY SCHOOL,96.3
19714,28Q686_2017,QUEENS METROPOLITAN HIGH SCHOOL,79.9
19744,28Q687_2017,QUEENS HIGH SCHOOL FOR THE SCIENCES AT YORK COLLEG,100.0
19792,28Q690_2017,HIGH SCHOOL FOR LAW ENFORCEMENT AND PUBLIC SAFETY,78.6
19840,28Q896_2017,YOUNG WOMEN'S LEADERSHIP SCHOOL QUEENS,95.2
19865,29Q243_2017,INSTITUTE FOR HEALTH PROFESSIONS AT CAMBRIA HEIGHT,87.5
19880,29Q248_2017,QUEENS PREPARATORY ACADEMY,67.3
19925,29Q259_2017,PATHWAYS COLLEGE PREPARATORY SCHOOL: A COLLEGE BOA,49.4
19968,29Q265_2017,EXCELSIOR PREPARATORY HIGH SCHOOL,79.2
20014,29Q272_2017,GEORGE WASHINGTON CARVER HIGH SCHOOL FOR THE SCIEN,77.3
20066,29Q283_2017,PREPARATORY ACADEMY FOR WRITERS: A COLLEGE BOARD S,87.4
20101,29Q313_2017,BENJAMIN FRANKLIN HIGH SCHOOL FOR FINANCE & INFORM,
20107,29Q326_2017,CAMBRIA HEIGHTS ACADEMY,82.8
20125,29Q327_2017,EAGLE ACADEMY FOR YOUNG MEN III,92.6
20155,29Q492_2017,MATHEMATICS SCIENCE RESEARCH AND TECHNOLOGY MAGNET,67.3
20307,29Q498_2017,HUMANITIES & ARTS MAGNET HIGH SCHOOL,66.4
20351,30Q258_2017,ENERGY TECH HIGH SCHOOL,89.1
20357,30Q286_2017,YOUNG WOMEN'S LEADERSHIP SCHOOL ASTORIA,95.1
20379,30Q301_2017,ACADEMY FOR CAREERS IN TELEVISION AND FILM,98.3
20408,30Q445_2017,WILLIAM CULLEN BRYANT HIGH SCHOOL,71.2
20460,30Q450_2017,LONG ISLAND CITY HIGH SCHOOL,60.7
20512,30Q501_2017,FRANK SINATRA SCHOOL OF THE ARTS HS,91.9
20564,30Q502_2017,INFORMATION TECHNOLOGY HIGH SCHOOL,80.3
20616,30Q555_2017,NEWCOMERS HIGH SCHOOL,73.0
20668,30Q575_2017,ACADEMY OF AMERICAN STUDIES,92.1
20720,30Q580_2017,BACCALAUREATE SCHOOL FOR GLOBAL EDUCATION,100.0
20769,31R047_2017,CSI HIGH SCHOOL FOR INTERNATIONAL STUDIES,99.2
20807,31R064_2017,GAYNOR MCCOWN EXPEDITIONARY LEARNING SCHOOL,91.3
20837,31R080_2017,THE MICHAEL J PETRIDES SCHOOL,89.1
20889,31R440_2017,NEW DORP HIGH SCHOOL,78.6
20941,31R445_2017,PORT RICHMOND HIGH SCHOOL,66.2
20993,31R450_2017,CURTIS HIGH SCHOOL,71.5
21045,31R455_2017,TOTTENVILLE HIGH SCHOOL,87.2
21097,31R460_2017,SUSAN E WAGNER HIGH SCHOOL,84.0
21200,31R600_2017,RALPH R MCKEE CAREER AND TECHNICAL EDUCATION HIGH,75.0
21252,31R605_2017,STATEN ISLAND TECHNICAL HIGH SCHOOL,99.4
21299,32K168_2017,THE BROOKLYN SCHOOL FOR MATH AND RESEARCH,87.9
21323,32K403_2017,ACADEMY FOR ENVIRONMENTAL LEADERSHIP,67.7
21375,32K545_2017,EBC HIGH SCHOOL FOR PUBLIC SERVICE  BUSHWICK,66.9
21427,32K549_2017,THE BROOKLYN SCHOOL FOR SOCIAL JUSTICE,62.5
21476,32K552_2017,THE ACADEMY OF URBAN PLANNING AND ENGINEERING,80.8
21530,32K554_2017,ALL CITY LEADERSHIP SECONDARY SCHOOL,97.4
21577,32K556_2017,BUSHWICK LEADERS HIGH SCHOOL FOR ACADEMIC EXCELLEN,74.0
21626,32K564_2017,BUSHWICK COMMUNITY HIGH SCHOOL,23.3
